"V1";"V2";"V3";"V4";"V5";"V6"
"***";"nb classes";"5";"***";"";""
"**";"classe";"1";"**";"";""
"****";"419";"2491";"16.82";"****";""
" 1";"285";" 0.35";"-62.39";"candide";"2.815052e-15"
" 0";" 91";" 0.00";"-19.10";"cunégonde";"1.240598e-05"
" 0";" 90";" 0.00";"-18.88";"martin";"1.390575e-05"
" 0";" 72";" 0.00";"-14.99";"cacambo";"1.078987e-04"
" 1";" 68";" 1.47";"-11.77";"pangloss";"6.009553e-04"
" 0";" 52";" 0.00";"-10.74";"vieux";"1.048650e-03"
" 0";" 46";" 0.00";" -9.48";"entrer";"2.080489e-03"
" 1";" 57";" 1.75";" -9.46";"gens";"2.095372e-03"
" 7";"110";" 6.36";" -8.99";"trouver";"2.708515e-03"
" 1";" 53";" 1.89";" -8.63";"apercevoir";"3.303571e-03"
" 2";" 63";" 3.17";" -8.60";"entendre";"3.357304e-03"
" 5";" 89";" 5.62";" -8.28";"parler";"4.010943e-03"
" 0";" 38";" 0.00";" -7.80";"soleil";"5.214793e-03"
" 0";" 37";" 0.00";" -7.59";"effet";"5.853188e-03"
" 0";" 35";" 0.00";" -7.18";"mademoiselle";"7.377967e-03"
" 0";" 34";" 0.00";" -6.97";"vivre";"8.285852e-03"
" 4";" 73";" 5.48";" -6.91";"chose";"8.555003e-03"
" 3";" 64";" 4.69";" -6.91";"maître";"8.564650e-03"
"37";"317";"11.67";" -6.88";"voir";"8.707906e-03"
" 0";" 32";" 0.00";" -6.56";"larme";"1.045750e-02"
" 2";" 52";" 3.85";" -6.39";"lieu";"1.147815e-02"
" 0";" 31";" 0.00";" -6.35";"meilleur";"1.175256e-02"
" 3";" 61";" 4.92";" -6.33";"peine";"1.186000e-02"
" 4";" 69";" 5.80";" -6.16";"petit";"1.304127e-02"
" 1";" 41";" 2.44";" -6.16";"auteur";"1.304988e-02"
" 0";" 29";" 0.00";" -5.93";"rencontrer";"1.485605e-02"
" 0";" 28";" 0.00";" -5.73";"écrire";"1.671046e-02"
" 9";"107";" 8.41";" -5.65";"monde";"1.744628e-02"
" 2";" 48";" 4.17";" -5.60";"air";"1.794791e-02"
" 0";" 27";" 0.00";" -5.52";"pari";"1.880272e-02"
" 0";" 25";" 0.00";" -5.11";"science";"2.383287e-02"
" 0";" 24";" 0.00";" -4.90";"mener";"2.684897e-02"
" 0";" 24";" 0.00";" -4.90";"profond";"2.684897e-02"
" 0";" 24";" 0.00";" -4.90";"venise";"2.684897e-02"
" 0";" 24";" 0.00";" -4.90";"saint";"2.684897e-02"
" 9";"102";" 8.82";" -4.86";"venir";"2.746459e-02"
" 0";" 23";" 0.00";" -4.69";"goût";"3.026095e-02"
" 0";" 23";" 0.00";" -4.69";"majesté";"3.026095e-02"
" 1";" 33";" 3.03";" -4.55";"milieu";"3.300293e-02"
" 8";" 92";" 8.70";" -4.51";"prendre";"3.375155e-02"
" 0";" 22";" 0.00";" -4.49";"part";"3.412394e-02"
" 0";" 22";" 0.00";" -4.49";"souper";"3.412394e-02"
" 0";" 22";" 0.00";" -4.49";"instant";"3.412394e-02"
" 0";" 22";" 0.00";" -4.49";"sublime";"3.412394e-02"
" 5";" 68";" 7.35";" -4.48";"paraître";"3.431942e-02"
" 3";" 51";" 5.88";" -4.45";"livre";"3.485320e-02"
" 1";" 32";" 3.12";" -4.35";"ouvrir";"3.710070e-02"
" 1";" 32";" 3.12";" -4.35";"mériter";"3.710070e-02"
" 0";" 21";" 0.00";" -4.28";"gros";"3.850154e-02"
" 0";" 21";" 0.00";" -4.28";"adorer";"3.850154e-02"
" 0";" 21";" 0.00";" -4.28";"dame";"3.850154e-02"
" 0";" 21";" 0.00";" -4.28";"immense";"3.850154e-02"
" 1";" 31";" 3.23";" -4.15";"manger";"4.171959e-02"
" 0";" 20";" 0.00";" -4.08";"continuer";"4.346726e-02"
" 0";" 20";" 0.00";" -4.08";"théâtre";"4.346726e-02"
" 0";" 20";" 0.00";" -4.08";"représenter";"4.346726e-02"
" 2";" 39";" 5.13";" -3.87";"ciel";"4.911631e-02"
" 0";" 19";" 0.00";" -3.87";"tuer";"4.910638e-02"
" 0";" 19";" 0.00";" -3.87";"élevé";"4.910638e-02"
" 0";" 19";" 0.00";" -3.87";"occuper";"4.910638e-02"
" 0";" 19";" 0.00";" -3.87";"aventure";"4.910638e-02"
" 0";" 19";" 0.00";" -3.87";"créateur";"4.910638e-02"
" 1";" 29";" 3.45";" -3.75";"grâce";"5.280563e-02"
" 1";" 29";" 3.45";" -3.75";"lumière";"5.280563e-02"
" 2";" 38";" 5.26";" -3.68";"maison";"5.493583e-02"
" 0";" 18";" 0.00";" -3.67";"pleurer";"5.551814e-02"
" 0";" 18";" 0.00";" -3.67";"possible";"5.551814e-02"
" 0";" 18";" 0.00";" -3.67";"assemblée";"5.551814e-02"
" 0";" 18";" 0.00";" -3.67";"temple";"5.551814e-02"
" 4";" 55";" 7.27";" -3.66";"sortir";"5.558412e-02"
" 1";" 28";" 3.57";" -3.55";"plein";"5.944076e-02"
" 2";" 37";" 5.41";" -3.50";"attendre";"6.144660e-02"
" 5";" 62";" 8.06";" -3.48";"idée";"6.195917e-02"
" 0";" 17";" 0.00";" -3.46";"rouge";"6.281849e-02"
" 0";" 17";" 0.00";" -3.46";"vendre";"6.281849e-02"
" 0";" 17";" 0.00";" -3.46";"degré";"6.281849e-02"
" 0";" 17";" 0.00";" -3.46";"froid";"6.281849e-02"
" 0";" 17";" 0.00";" -3.46";"visage";"6.281849e-02"
" 0";" 17";" 0.00";" -3.46";"surprise";"6.281849e-02"
"12";"114";"10.53";" -3.38";"jour";"6.587908e-02"
" 1";" 27";" 3.70";" -3.36";"découvrir";"6.693613e-02"
" 1";" 27";" 3.70";" -3.36";"oreille";"6.693613e-02"
" 1";" 27";" 3.70";" -3.36";"noble";"6.693613e-02"
" 5";" 61";" 8.20";" -3.32";"premier";"6.828169e-02"
" 2";" 36";" 5.56";" -3.31";"reprendre";"6.873096e-02"
" 2";" 36";" 5.56";" -3.31";"heure";"6.873096e-02"
" 0";" 16";" 0.00";" -3.26";"assurer";"7.114352e-02"
" 0";" 16";" 0.00";" -3.26";"raisonner";"7.114352e-02"
" 0";" 16";" 0.00";" -3.26";"pareil";"7.114352e-02"
" 0";" 16";" 0.00";" -3.26";"prêt";"7.114352e-02"
" 0";" 16";" 0.00";" -3.26";"statue";"7.114352e-02"
" 0";" 16";" 0.00";" -3.26";"paqueter";"7.114352e-02"
" 0";" 16";" 0.00";" -3.26";"curiosité";"7.114352e-02"
"15";"134";"11.19";" -3.20";"aller";"7.344168e-02"
" 1";" 26";" 3.85";" -3.16";"connaissance";"7.540893e-02"
" 1";" 26";" 3.85";" -3.16";"abbé";"7.540893e-02"
" 1";" 26";" 3.85";" -3.16";"diamant";"7.540893e-02"
" 2";" 35";" 5.71";" -3.13";"marcher";"7.688105e-02"
" 0";" 15";" 0.00";" -3.05";"docteur";"8.065380e-02"
" 0";" 15";" 0.00";" -3.05";"tirer";"8.065380e-02"
" 0";" 15";" 0.00";" -3.05";"vivant";"8.065380e-02"
" 0";" 15";" 0.00";" -3.05";"blanc";"8.065380e-02"
" 0";" 15";" 0.00";" -3.05";"français";"8.065380e-02"
" 0";" 15";" 0.00";" -3.05";"aussitôt";"8.065380e-02"
" 0";" 15";" 0.00";" -3.05";"habitant";"8.065380e-02"
" 0";" 15";" 0.00";" -3.05";"espagnol";"8.065380e-02"
" 0";" 15";" 0.00";" -3.05";"parcourir";"8.065380e-02"
" 0";" 15";" 0.00";" -3.05";"considérer";"8.065380e-02"
" 0";" 15";" 0.00";" -3.05";"placer";"8.065380e-02"
" 0";" 15";" 0.00";" -3.05";"attention";"8.065380e-02"
" 0";" 15";" 0.00";" -3.05";"oeuvre";"8.065380e-02"
" 3";" 43";" 6.98";" -3.03";"doux";"8.171754e-02"
" 1";" 25";" 4.00";" -2.97";"mouton";"8.499353e-02"
" 6";" 66";" 9.09";" -2.90";"chapitre";"8.884738e-02"
" 0";" 14";" 0.00";" -2.85";"composer";"9.153993e-02"
" 0";" 14";" 0.00";" -2.85";"tromper";"9.153993e-02"
" 0";" 14";" 0.00";" -2.85";"globe";"9.153993e-02"
" 0";" 14";" 0.00";" -2.85";"entretenir";"9.153993e-02"
" 0";" 14";" 0.00";" -2.85";"satisfaire";"9.153993e-02"
" 0";" 14";" 0.00";" -2.85";"inconnu";"9.153993e-02"
" 0";" 14";" 0.00";" -2.85";"aise";"9.153993e-02"
" 0";" 14";" 0.00";" -2.85";"renfermer";"9.153993e-02"
" 9";" 88";"10.23";" -2.83";"répondre";"9.226961e-02"
" 1";" 24";" 4.17";" -2.77";"arrêter";"9.584433e-02"
" 0";" 13";" 0.00";" -2.64";"abandonner";"1.040297e-01"
" 0";" 13";" 0.00";" -2.64";"quartier";"1.040297e-01"
" 0";" 13";" 0.00";" -2.64";"rue";"1.040297e-01"
" 0";" 13";" 0.00";" -2.64";"admirer";"1.040297e-01"
" 0";" 13";" 0.00";" -2.64";"bâtir";"1.040297e-01"
" 0";" 13";" 0.00";" -2.64";"différent";"1.040297e-01"
" 0";" 13";" 0.00";" -2.64";"concevoir";"1.040297e-01"
" 0";" 13";" 0.00";" -2.64";"perfectionner";"1.040297e-01"
" 0";" 13";" 0.00";" -2.64";"académicien";"1.040297e-01"
" 0";" 13";" 0.00";" -2.64";"rassembler";"1.040297e-01"
" 0";" 13";" 0.00";" -2.64";"infini";"1.040297e-01"
" 0";" 13";" 0.00";" -2.64";"observer";"1.040297e-01"
" 0";" 13";" 0.00";" -2.64";"magnifique";"1.040297e-01"
" 0";" 13";" 0.00";" -2.64";"animer";"1.040297e-01"
" 1";" 23";" 4.35";" -2.58";"nuit";"1.081391e-01"
" 1";" 23";" 4.35";" -2.58";"pièce";"1.081391e-01"
" 1";" 23";" 4.35";" -2.58";"valoir";"1.081391e-01"
" 1";" 23";" 4.35";" -2.58";"académie";"1.081391e-01"
" 1";" 23";" 4.35";" -2.58";"remarquer";"1.081391e-01"
" 3";" 40";" 7.50";" -2.52";"vaisseau";"1.121142e-01"
" 8";" 78";"10.26";" -2.48";"passer";"1.153193e-01"
" 0";" 12";" 0.00";" -2.44";"baron";"1.183979e-01"
" 0";" 12";" 0.00";" -2.44";"château";"1.183979e-01"
" 0";" 12";" 0.00";" -2.44";"courir";"1.183979e-01"
" 0";" 12";" 0.00";" -2.44";"route";"1.183979e-01"
" 0";" 12";" 0.00";" -2.44";"imaginer";"1.183979e-01"
" 0";" 12";" 0.00";" -2.44";"coucher";"1.183979e-01"
" 0";" 12";" 0.00";" -2.44";"élancer";"1.183979e-01"
" 0";" 12";" 0.00";" -2.44";"répéter";"1.183979e-01"
" 0";" 12";" 0.00";" -2.44";"pococurante";"1.183979e-01"
" 0";" 12";" 0.00";" -2.44";"piastre";"1.183979e-01"
" 0";" 12";" 0.00";" -2.44";"terme";"1.183979e-01"
" 0";" 12";" 0.00";" -2.44";"marbre";"1.183979e-01"
" 0";" 12";" 0.00";" -2.44";"louis";"1.183979e-01"
" 0";" 12";" 0.00";" -2.44";"conversation";"1.183979e-01"
" 0";" 12";" 0.00";" -2.44";"traverser";"1.183979e-01"
" 0";" 12";" 0.00";" -2.44";"majestueux";"1.183979e-01"
" 0";" 12";" 0.00";" -2.44";"magnificence";"1.183979e-01"
" 2";" 31";" 6.45";" -2.41";"approcher";"1.203933e-01"
" 2";" 31";" 6.45";" -2.41";"salle";"1.203933e-01"
" 1";" 22";" 4.55";" -2.39";"avancer";"1.220831e-01"
" 9";" 84";"10.71";" -2.32";"vérité";"1.279902e-01"
" 0";" 11";" 0.00";" -2.23";"honorer";"1.349789e-01"
" 0";" 11";" 0.00";" -2.23";"faux";"1.349789e-01"
" 0";" 11";" 0.00";" -2.23";"patron";"1.349789e-01"
" 0";" 11";" 0.00";" -2.23";"voile";"1.349789e-01"
" 0";" 11";" 0.00";" -2.23";"préjugé";"1.349789e-01"
" 0";" 11";" 0.00";" -2.23";"guérir";"1.349789e-01"
" 0";" 11";" 0.00";" -2.23";"marchand";"1.349789e-01"
" 0";" 11";" 0.00";" -2.23";"troupe";"1.349789e-01"
" 0";" 11";" 0.00";" -2.23";"saient";"1.349789e-01"
" 0";" 11";" 0.00";" -2.23";"répliquer";"1.349789e-01"
" 0";" 11";" 0.00";" -2.23";"patience";"1.349789e-01"
" 0";" 11";" 0.00";" -2.23";"eldorado";"1.349789e-01"
" 0";" 11";" 0.00";" -2.23";"merveilleux";"1.349789e-01"
" 0";" 11";" 0.00";" -2.23";"but";"1.349789e-01"
" 0";" 11";" 0.00";" -2.23";"briller";"1.349789e-01"
" 0";" 11";" 0.00";" -2.23";"aspect";"1.349789e-01"
" 0";" 11";" 0.00";" -2.23";"transport";"1.349789e-01"
" 0";" 11";" 0.00";" -2.23";"parfaitement";"1.349789e-01"
" 0";" 11";" 0.00";" -2.23";"clémence";"1.349789e-01"
" 0";" 11";" 0.00";" -2.23";"cabaret";"1.349789e-01"
" 4";" 46";" 8.70";" -2.21";"mot";"1.370100e-01"
" 3";" 38";" 7.89";" -2.20";"suivre";"1.382481e-01"
" 1";" 21";" 4.76";" -2.20";"traiter";"1.379135e-01"
" 1";" 21";" 4.76";" -2.20";"bas";"1.379135e-01"
" 1";" 21";" 4.76";" -2.20";"asseoir";"1.379135e-01"
" 1";" 21";" 4.76";" -2.20";"sorte";"1.379135e-01"
" 1";" 21";" 4.76";" -2.20";"éloigner";"1.379135e-01"
" 5";" 53";" 9.43";" -2.11";"pays";"1.461696e-01"
"16";"131";"12.21";" -2.10";"oeil";"1.475514e-01"
" 0";" 10";" 0.00";" -2.03";"disputer";"1.541849e-01"
" 0";" 10";" 0.00";" -2.03";"mois";"1.541849e-01"
" 0";" 10";" 0.00";" -2.03";"ruine";"1.541849e-01"
" 0";" 10";" 0.00";" -2.03";"espérer";"1.541849e-01"
" 0";" 10";" 0.00";" -2.03";"écraser";"1.541849e-01"
" 0";" 10";" 0.00";" -2.03";"terreur";"1.541849e-01"
" 0";" 10";" 0.00";" -2.03";"scène";"1.541849e-01"
" 0";" 10";" 0.00";" -2.03";"révérend";"1.541849e-01"
" 0";" 10";" 0.00";" -2.03";"estimer";"1.541849e-01"
" 0";" 10";" 0.00";" -2.03";"embarquer";"1.541849e-01"
" 0";" 10";" 0.00";" -2.03";"appartement";"1.541849e-01"
" 0";" 10";" 0.00";" -2.03";"système";"1.541849e-01"
" 0";" 10";" 0.00";" -2.03";"morceau";"1.541849e-01"
" 0";" 10";" 0.00";" -2.03";"dormir";"1.541849e-01"
" 0";" 10";" 0.00";" -2.03";"dignité";"1.541849e-01"
" 0";" 10";" 0.00";" -2.03";"compte";"1.541849e-01"
" 0";" 10";" 0.00";" -2.03";"chanter";"1.541849e-01"
" 0";" 10";" 0.00";" -2.03";"séjour";"1.541849e-01"
" 0";" 10";" 0.00";" -2.03";"remercier";"1.541849e-01"
" 0";" 10";" 0.00";" -2.03";"voiture";"1.541849e-01"
" 0";" 10";" 0.00";" -2.03";"st";"1.541849e-01"
" 0";" 10";" 0.00";" -2.03";"périgourdin";"1.541849e-01"
" 0";" 10";" 0.00";" -2.03";"physionomie";"1.541849e-01"
" 0";" 10";" 0.00";" -2.03";"antiquité";"1.541849e-01"
" 0";" 10";" 0.00";" -2.03";"anabaptiste";"1.541849e-01"
" 0";" 10";" 0.00";" -2.03";"tendresse";"1.541849e-01"
" 0";" 10";" 0.00";" -2.03";"examiner";"1.541849e-01"
" 1";" 20";" 5.00";" -2.01";"savant";"1.559059e-01"
" 1";" 20";" 5.00";" -2.01";"guide";"1.559059e-01"
"*****";"*";"*";"*";"*";"*"
" 38";" 464";" 8.19";"-30.36";"dire";"3.589567e-08"
"122";"1023";"11.93";"-29.73";"et";"4.974805e-08"
" 61";" 569";"10.72";"-19.61";"je";"9.484258e-06"
" 25";" 268";" 9.33";"-12.05";"y";"5.183562e-04"
" 12";" 149";" 8.05";" -8.71";"m";"3.172113e-03"
" 30";" 263";"11.41";" -6.16";"me";"1.307056e-02"
" 24";" 219";"10.96";" -5.90";"j";"1.517116e-02"
"  0";"  25";" 0.00";" -5.11";"devant";"2.383287e-02"
" 19";" 176";"10.80";" -4.91";"mon";"2.664470e-02"
"  0";"  22";" 0.00";" -4.49";"ensuite";"3.412394e-02"
"  4";"  59";" 6.78";" -4.35";"ma";"3.690864e-02"
"  1";"  31";" 3.23";" -4.15";"ton";"4.171959e-02"
" 39";" 305";"12.79";" -4.04";"ils";"4.438823e-02"
" 10";" 104";" 9.62";" -4.03";"toujours";"4.477625e-02"
"  9";"  96";" 9.38";" -3.96";"falloir";"4.669928e-02"
"  1";"  30";" 3.33";" -3.95";"oui";"4.692842e-02"
" 55";" 408";"13.48";" -3.89";"vous";"4.855533e-02"
"  0";"  19";" 0.00";" -3.87";"tandis_que";"4.910638e-02"
" 99";" 686";"14.43";" -3.86";"dans";"4.938913e-02"
"  1";"  28";" 3.57";" -3.55";"tu";"5.944076e-02"
"  5";"  62";" 8.06";" -3.48";"monsieur";"6.195917e-02"
" 84";" 582";"14.43";" -3.09";"on";"7.857306e-02"
"  9";"  89";"10.11";" -2.97";"moi";"8.489744e-02"
"  1";"  25";" 4.00";" -2.97";"quelquefois";"8.499353e-02"
"  0";"  14";" 0.00";" -2.85";"davantage";"9.153993e-02"
"  1";"  24";" 4.17";" -2.77";"six";"9.584433e-02"
" 13";" 116";"11.21";" -2.74";"savoir";"9.784428e-02"
"  1";"  23";" 4.35";" -2.58";"quatre";"1.081391e-01"
" 17";" 140";"12.14";" -2.32";"deux";"1.277336e-01"
"  9";"  84";"10.71";" -2.32";"autres";"1.279902e-01"
"  2";"  30";" 6.67";" -2.24";"ah";"1.346857e-01"
"  0";"  10";" 0.00";" -2.03";"laquelle";"1.541849e-01"
"  0";"  10";" 0.00";" -2.03";"ci";"1.541849e-01"
"*";"*";"*";"*";"*";"*"
"37";"713";"5.19";"-96.59";"*Candide";"8.534454e-23"
" 5";"130";"3.85";"-16.50";"*VOYAGE";"4.859609e-05"
" 5";"130";"3.85";"-16.50";"DANS";"4.859609e-05"
" 5";"130";"3.85";"-16.50";"LES";"4.859609e-05"
" 5";"130";"3.85";"-16.50";"ESPACES.";"4.859609e-05"
"**";"classe";"2";"**";"";""
"****";"488";"2491";"19.59";"****";""
" 4";"285";" 1.40";"-67.57";"candide";"2.028766e-16"
" 0";" 91";" 0.00";"-23.01";"cunégonde";"1.610449e-06"
" 1";" 90";" 1.11";"-20.24";"martin";"6.824858e-06"
" 0";" 72";" 0.00";"-18.06";"cacambo";"2.136241e-05"
" 1";" 68";" 1.47";"-14.57";"pangloss";"1.349760e-04"
" 0";" 48";" 0.00";"-11.92";"air";"5.540850e-04"
" 0";" 47";" 0.00";"-11.67";"place";"6.348079e-04"
" 0";" 35";" 0.00";" -8.65";"mademoiselle";"3.272896e-03"
" 5";" 76";" 6.58";" -8.43";"terre";"3.700693e-03"
" 2";" 52";" 3.85";" -8.36";"vieux";"3.841546e-03"
" 0";" 32";" 0.00";" -7.90";"ouvrir";"4.949600e-03"
" 0";" 31";" 0.00";" -7.65";"jeter";"5.684012e-03"
" 2";" 49";" 4.08";" -7.63";"regarder";"5.734499e-03"
" 9";"101";" 8.91";" -7.62";"roi";"5.766738e-03"
"14";"134";"10.45";" -7.51";"aller";"6.119215e-03"
" 4";" 64";" 6.25";" -7.42";"tête";"6.445836e-03"
" 0";" 30";" 0.00";" -7.40";"joie";"6.529154e-03"
" 1";" 39";" 2.56";" -7.29";"ciel";"6.928515e-03"
" 8";" 92";" 8.70";" -7.20";"prendre";"7.297776e-03"
" 4";" 63";" 6.35";" -7.19";"vertu";"7.314479e-03"
" 3";" 55";" 5.45";" -7.13";"aimer";"7.561878e-03"
" 1";" 38";" 2.63";" -7.05";"maison";"7.947011e-03"
"14";"131";"10.69";" -6.96";"oeil";"8.343248e-03"
"45";"317";"14.20";" -6.71";"voir";"9.581458e-03"
" 0";" 27";" 0.00";" -6.65";"bras";"9.914388e-03"
" 0";" 27";" 0.00";" -6.65";"oreille";"9.914388e-03"
" 0";" 26";" 0.00";" -6.40";"grandeur";"1.140360e-02"
" 0";" 26";" 0.00";" -6.40";"diamant";"1.140360e-02"
" 3";" 51";" 5.88";" -6.21";"cher";"1.269606e-02"
" 0";" 25";" 0.00";" -6.15";"plaire";"1.312182e-02"
" 0";" 25";" 0.00";" -6.15";"orgueil";"1.312182e-02"
" 0";" 25";" 0.00";" -6.15";"esclave";"1.312182e-02"
" 1";" 34";" 2.94";" -6.07";"table";"1.378236e-02"
"11";"106";"10.38";" -5.97";"dieu";"1.458744e-02"
" 0";" 24";" 0.00";" -5.90";"lever";"1.510557e-02"
" 0";" 24";" 0.00";" -5.90";"venise";"1.510557e-02"
" 1";" 33";" 3.03";" -5.82";"jouer";"1.582542e-02"
" 0";" 23";" 0.00";" -5.66";"nuit";"1.739758e-02"
" 0";" 23";" 0.00";" -5.66";"écrier";"1.739758e-02"
" 0";" 23";" 0.00";" -5.66";"libre";"1.739758e-02"
" 1";" 32";" 3.12";" -5.58";"larme";"1.817620e-02"
" 5";" 63";" 7.94";" -5.57";"entendre";"1.824288e-02"
" 3";" 48";" 6.25";" -5.53";"force";"1.869869e-02"
" 2";" 40";" 5.00";" -5.49";"vaisseau";"1.908317e-02"
" 0";" 22";" 0.00";" -5.41";"souper";"2.004788e-02"
" 0";" 22";" 0.00";" -5.41";"douleur";"2.004788e-02"
" 0";" 22";" 0.00";" -5.41";"instant";"2.004788e-02"
" 1";" 31";" 3.23";" -5.34";"amour";"2.088224e-02"
" 1";" 31";" 3.23";" -5.34";"approcher";"2.088224e-02"
" 3";" 47";" 6.38";" -5.30";"citoyen";"2.126788e-02"
" 8";" 82";" 9.76";" -5.21";"état";"2.251038e-02"
" 0";" 21";" 0.00";" -5.16";"crier";"2.311523e-02"
" 0";" 21";" 0.00";" -5.16";"bas";"2.311523e-02"
" 0";" 21";" 0.00";" -5.16";"bruit";"2.311523e-02"
" 0";" 21";" 0.00";" -5.16";"craindre";"2.311523e-02"
" 0";" 21";" 0.00";" -5.16";"asseoir";"2.311523e-02"
" 0";" 21";" 0.00";" -5.16";"dame";"2.311523e-02"
" 0";" 20";" 0.00";" -4.91";"représenter";"2.666874e-02"
" 1";" 29";" 3.45";" -4.85";"fille";"2.758947e-02"
" 2";" 37";" 5.41";" -4.80";"moment";"2.850131e-02"
" 0";" 19";" 0.00";" -4.66";"tuer";"3.078995e-02"
" 0";" 19";" 0.00";" -4.66";"barbare";"3.078995e-02"
" 0";" 19";" 0.00";" -4.66";"livrer";"3.078995e-02"
" 0";" 19";" 0.00";" -4.66";"aventure";"3.078995e-02"
" 3";" 43";" 6.98";" -4.42";"doux";"3.553152e-02"
" 0";" 18";" 0.00";" -4.42";"feu";"3.557542e-02"
" 0";" 18";" 0.00";" -4.42";"temple";"3.557542e-02"
" 0";" 18";" 0.00";" -4.42";"présence";"3.557542e-02"
" 0";" 18";" 0.00";" -4.42";"partager";"3.557542e-02"
" 1";" 27";" 3.70";" -4.37";"cri";"3.650444e-02"
" 1";" 27";" 3.70";" -4.37";"fond";"3.650444e-02"
" 6";" 64";" 9.38";" -4.35";"maître";"3.697352e-02"
" 0";" 17";" 0.00";" -4.17";"vieillard";"4.113979e-02"
" 0";" 17";" 0.00";" -4.17";"visage";"4.113979e-02"
" 1";" 26";" 3.85";" -4.13";"abbé";"4.201641e-02"
" 1";" 26";" 3.85";" -4.13";"étonner";"4.201641e-02"
" 2";" 34";" 5.88";" -4.11";"naître";"4.257993e-02"
" 2";" 34";" 5.88";" -4.11";"partir";"4.257993e-02"
" 5";" 55";" 9.09";" -3.94";"perdre";"4.726364e-02"
" 0";" 16";" 0.00";" -3.92";"malheur";"4.761982e-02"
" 0";" 16";" 0.00";" -3.92";"noir";"4.761982e-02"
" 0";" 16";" 0.00";" -3.92";"coupable";"4.761982e-02"
" 0";" 16";" 0.00";" -3.92";"riche";"4.761982e-02"
" 0";" 16";" 0.00";" -3.92";"respect";"4.761982e-02"
" 0";" 16";" 0.00";" -3.92";"suite";"4.761982e-02"
" 0";" 16";" 0.00";" -3.92";"pénétrer";"4.761982e-02"
" 0";" 16";" 0.00";" -3.92";"tyran";"4.761982e-02"
" 0";" 16";" 0.00";" -3.92";"paqueter";"4.761982e-02"
" 1";" 25";" 4.00";" -3.90";"malheureux";"4.838314e-02"
" 2";" 33";" 6.06";" -3.89";"milieu";"4.867985e-02"
" 2";" 33";" 6.06";" -3.89";"remplir";"4.867985e-02"
" 3";" 40";" 7.50";" -3.77";"trône";"5.210219e-02"
" 0";" 15";" 0.00";" -3.68";"blanc";"5.517935e-02"
" 0";" 15";" 0.00";" -3.68";"infortuné";"5.517935e-02"
" 0";" 15";" 0.00";" -3.68";"crainte";"5.517935e-02"
" 0";" 15";" 0.00";" -3.68";"respecter";"5.517935e-02"
" 0";" 15";" 0.00";" -3.68";"placer";"5.517935e-02"
" 0";" 15";" 0.00";" -3.68";"auprès_de";"5.517935e-02"
" 0";" 15";" 0.00";" -3.68";"couronne";"5.517935e-02"
" 1";" 24";" 4.17";" -3.66";"mener";"5.574279e-02"
" 1";" 24";" 4.17";" -3.66";"profond";"5.574279e-02"
" 1";" 24";" 4.17";" -3.66";"cacher";"5.574279e-02"
" 5";" 53";" 9.43";" -3.55";"plaisir";"5.968406e-02"
" 4";" 46";" 8.70";" -3.53";"entrer";"6.021785e-02"
" 2";" 31";" 6.45";" -3.44";"haut";"6.363343e-02"
" 2";" 31";" 6.45";" -3.44";"liberté";"6.363343e-02"
" 2";" 31";" 6.45";" -3.44";"foule";"6.363343e-02"
" 2";" 31";" 6.45";" -3.44";"salle";"6.363343e-02"
" 2";" 31";" 6.45";" -3.44";"auguste";"6.363343e-02"
" 2";" 31";" 6.45";" -3.44";"passion";"6.363343e-02"
" 0";" 14";" 0.00";" -3.43";"entier";"6.401582e-02"
" 0";" 14";" 0.00";" -3.43";"campagne";"6.401582e-02"
" 0";" 14";" 0.00";" -3.43";"ombre";"6.401582e-02"
" 0";" 14";" 0.00";" -3.43";"fuir";"6.401582e-02"
" 0";" 14";" 0.00";" -3.43";"exercer";"6.401582e-02"
" 0";" 14";" 0.00";" -3.43";"entretenir";"6.401582e-02"
" 0";" 14";" 0.00";" -3.43";"demeurer";"6.401582e-02"
" 0";" 14";" 0.00";" -3.43";"soir";"6.401582e-02"
" 0";" 14";" 0.00";" -3.43";"satisfaire";"6.401582e-02"
" 0";" 14";" 0.00";" -3.43";"quitter";"6.401582e-02"
" 0";" 14";" 0.00";" -3.43";"aise";"6.401582e-02"
" 0";" 14";" 0.00";" -3.43";"revoir";"6.401582e-02"
"10";" 85";"11.76";" -3.42";"rendre";"6.435655e-02"
" 1";" 23";" 4.35";" -3.42";"brillant";"6.425726e-02"
" 1";" 23";" 4.35";" -3.42";"majesté";"6.425726e-02"
" 5";" 52";" 9.62";" -3.35";"recevoir";"6.701456e-02"
" 4";" 45";" 8.89";" -3.33";"monarque";"6.795311e-02"
" 2";" 30";" 6.67";" -3.22";"oser";"7.275727e-02"
" 2";" 30";" 6.67";" -3.22";"payer";"7.275727e-02"
" 1";" 22";" 4.55";" -3.19";"parole";"7.411671e-02"
" 1";" 22";" 4.55";" -3.19";"horreur";"7.411671e-02"
" 0";" 13";" 0.00";" -3.18";"crime";"7.436863e-02"
" 0";" 13";" 0.00";" -3.18";"abandonner";"7.436863e-02"
" 0";" 13";" 0.00";" -3.18";"chasser";"7.436863e-02"
" 0";" 13";" 0.00";" -3.18";"bâtir";"7.436863e-02"
" 0";" 13";" 0.00";" -3.18";"contempler";"7.436863e-02"
" 0";" 13";" 0.00";" -3.18";"constantinople";"7.436863e-02"
" 0";" 13";" 0.00";" -3.18";"pain";"7.436863e-02"
" 0";" 13";" 0.00";" -3.18";"jeu";"7.436863e-02"
" 0";" 13";" 0.00";" -3.18";"infini";"7.436863e-02"
" 0";" 13";" 0.00";" -3.18";"louer";"7.436863e-02"
" 0";" 13";" 0.00";" -3.18";"animer";"7.436863e-02"
" 3";" 37";" 8.11";" -3.14";"pied";"7.622979e-02"
" 3";" 37";" 8.11";" -3.14";"frère";"7.622979e-02"
" 3";" 37";" 8.11";" -3.14";"attendre";"7.622979e-02"
" 7";" 64";"10.94";" -3.12";"rester";"7.723044e-02"
" 6";" 57";"10.53";" -3.04";"vie";"8.110950e-02"
" 2";" 29";" 6.90";" -3.00";"justice";"8.319200e-02"
" 2";" 29";" 6.90";" -3.00";"sentiment";"8.319200e-02"
" 1";" 21";" 4.76";" -2.96";"descendre";"8.554500e-02"
" 1";" 21";" 4.76";" -2.96";"adorer";"8.554500e-02"
" 0";" 12";" 0.00";" -2.94";"baron";"8.653029e-02"
" 3";" 36";" 8.33";" -2.94";"heure";"8.648888e-02"
" 0";" 12";" 0.00";" -2.94";"château";"8.653029e-02"
" 0";" 12";" 0.00";" -2.94";"don";"8.653029e-02"
" 0";" 12";" 0.00";" -2.94";"route";"8.653029e-02"
" 0";" 12";" 0.00";" -2.94";"fer";"8.653029e-02"
" 0";" 12";" 0.00";" -2.94";"jaloux";"8.653029e-02"
" 0";" 12";" 0.00";" -2.94";"coucher";"8.653029e-02"
" 0";" 12";" 0.00";" -2.94";"élancer";"8.653029e-02"
" 0";" 12";" 0.00";" -2.94";"ressembler";"8.653029e-02"
" 0";" 12";" 0.00";" -2.94";"baiser";"8.653029e-02"
" 0";" 12";" 0.00";" -2.94";"répéter";"8.653029e-02"
" 0";" 12";" 0.00";" -2.94";"piastre";"8.653029e-02"
" 0";" 12";" 0.00";" -2.94";"couler";"8.653029e-02"
" 0";" 12";" 0.00";" -2.94";"louis";"8.653029e-02"
" 0";" 12";" 0.00";" -2.94";"vengeance";"8.653029e-02"
" 0";" 12";" 0.00";" -2.94";"traverser";"8.653029e-02"
" 0";" 12";" 0.00";" -2.94";"magnificence";"8.653029e-02"
" 0";" 12";" 0.00";" -2.94";"glaive";"8.653029e-02"
" 4";" 42";" 9.52";" -2.75";"jeune";"9.736080e-02"
" 8";" 68";"11.76";" -2.72";"paraître";"9.922765e-02"
" 1";" 20";" 5.00";" -2.72";"guerre";"9.880635e-02"
" 1";" 20";" 5.00";" -2.72";"empire";"9.880635e-02"
" 1";" 20";" 5.00";" -2.72";"voisin";"9.880635e-02"
" 1";" 20";" 5.00";" -2.72";"extrême";"9.880635e-02"
" 0";" 11";" 0.00";" -2.69";"salutaire";"1.008616e-01"
" 0";" 11";" 0.00";" -2.69";"patron";"1.008616e-01"
" 0";" 11";" 0.00";" -2.69";"monstre";"1.008616e-01"
" 0";" 11";" 0.00";" -2.69";"montagne";"1.008616e-01"
" 0";" 11";" 0.00";" -2.69";"marchand";"1.008616e-01"
" 0";" 11";" 0.00";" -2.69";"battre";"1.008616e-01"
" 0";" 11";" 0.00";" -2.69";"troupe";"1.008616e-01"
" 0";" 11";" 0.00";" -2.69";"plaindre";"1.008616e-01"
" 0";" 11";" 0.00";" -2.69";"italie";"1.008616e-01"
" 0";" 11";" 0.00";" -2.69";"habit";"1.008616e-01"
" 0";" 11";" 0.00";" -2.69";"coin";"1.008616e-01"
" 0";" 11";" 0.00";" -2.69";"eldorado";"1.008616e-01"
" 0";" 11";" 0.00";" -2.69";"passager";"1.008616e-01"
" 0";" 11";" 0.00";" -2.69";"charme";"1.008616e-01"
" 0";" 11";" 0.00";" -2.69";"funèbre";"1.008616e-01"
" 0";" 11";" 0.00";" -2.69";"fier";"1.008616e-01"
" 0";" 11";" 0.00";" -2.69";"cabaret";"1.008616e-01"
" 2";" 27";" 7.41";" -2.57";"patrie";"1.087744e-01"
" 2";" 27";" 7.41";" -2.57";"éternel";"1.087744e-01"
" 3";" 34";" 8.82";" -2.54";"regard";"1.112212e-01"
" 1";" 19";" 5.26";" -2.49";"argent";"1.142134e-01"
" 1";" 19";" 5.26";" -2.49";"occuper";"1.142134e-01"
" 0";" 10";" 0.00";" -2.45";"lit";"1.178124e-01"
" 0";" 10";" 0.00";" -2.45";"boire";"1.178124e-01"
" 0";" 10";" 0.00";" -2.45";"envoyer";"1.178124e-01"
" 0";" 10";" 0.00";" -2.45";"mois";"1.178124e-01"
" 0";" 10";" 0.00";" -2.45";"reposer";"1.178124e-01"
" 0";" 10";" 0.00";" -2.45";"faveur";"1.178124e-01"
" 0";" 10";" 0.00";" -2.45";"barrière";"1.178124e-01"
" 0";" 10";" 0.00";" -2.45";"écraser";"1.178124e-01"
" 0";" 10";" 0.00";" -2.45";"terreur";"1.178124e-01"
" 0";" 10";" 0.00";" -2.45";"souvenir";"1.178124e-01"
" 0";" 10";" 0.00";" -2.45";"révérend";"1.178124e-01"
" 0";" 10";" 0.00";" -2.45";"philosophie";"1.178124e-01"
" 0";" 10";" 0.00";" -2.45";"désir";"1.178124e-01"
" 0";" 10";" 0.00";" -2.45";"tribut";"1.178124e-01"
" 0";" 10";" 0.00";" -2.45";"domestique";"1.178124e-01"
" 0";" 10";" 0.00";" -2.45";"chanter";"1.178124e-01"
" 0";" 10";" 0.00";" -2.45";"poursuivre";"1.178124e-01"
" 0";" 10";" 0.00";" -2.45";"veille";"1.178124e-01"
" 0";" 10";" 0.00";" -2.45";"révolution";"1.178124e-01"
" 0";" 10";" 0.00";" -2.45";"périgourdin";"1.178124e-01"
" 0";" 10";" 0.00";" -2.45";"physionomie";"1.178124e-01"
" 0";" 10";" 0.00";" -2.45";"parer";"1.178124e-01"
" 0";" 10";" 0.00";" -2.45";"industrie";"1.178124e-01"
" 0";" 10";" 0.00";" -2.45";"goûter";"1.178124e-01"
" 0";" 10";" 0.00";" -2.45";"désespoir";"1.178124e-01"
" 0";" 10";" 0.00";" -2.45";"cultiver";"1.178124e-01"
" 0";" 10";" 0.00";" -2.45";"anabaptiste";"1.178124e-01"
" 0";" 10";" 0.00";" -2.45";"assembler";"1.178124e-01"
" 5";" 47";"10.64";" -2.44";"père";"1.184926e-01"
" 2";" 26";" 7.69";" -2.36";"offrir";"1.243830e-01"
" 2";" 26";" 7.69";" -2.36";"montrer";"1.243830e-01"
" 2";" 26";" 7.69";" -2.36";"avouer";"1.243830e-01"
" 6";" 53";"11.32";" -2.35";"apercevoir";"1.252040e-01"
" 7";" 59";"11.86";" -2.29";"arriver";"1.302116e-01"
" 1";" 18";" 5.56";" -2.27";"appeler";"1.321376e-01"
" 1";" 18";" 5.56";" -2.27";"pleurer";"1.321376e-01"
" 1";" 18";" 5.56";" -2.27";"discours";"1.321376e-01"
" 1";" 18";" 5.56";" -2.27";"songer";"1.321376e-01"
" 1";" 18";" 5.56";" -2.27";"cheval";"1.321376e-01"
" 0";"  9";" 0.00";" -2.20";"capitaine";"1.379515e-01"
" 0";"  9";" 0.00";" -2.20";"couper";"1.379515e-01"
" 0";"  9";" 0.00";" -2.20";"sauver";"1.379515e-01"
" 0";"  9";" 0.00";" -2.20";"joli";"1.379515e-01"
" 0";"  9";" 0.00";" -2.20";"habiter";"1.379515e-01"
" 0";"  9";" 0.00";" -2.20";"rayon";"1.379515e-01"
" 0";"  9";" 0.00";" -2.20";"voyageur";"1.379515e-01"
" 0";"  9";" 0.00";" -2.20";"renverser";"1.379515e-01"
" 0";"  9";" 0.00";" -2.20";"frais";"1.379515e-01"
" 0";"  9";" 0.00";" -2.20";"moine";"1.379515e-01"
" 0";"  9";" 0.00";" -2.20";"hollandais";"1.379515e-01"
" 0";"  9";" 0.00";" -2.20";"genou";"1.379515e-01"
" 0";"  9";" 0.00";" -2.20";"esclavage";"1.379515e-01"
" 0";"  9";" 0.00";" -2.20";"conter";"1.379515e-01"
" 0";"  9";" 0.00";" -2.20";"aile";"1.379515e-01"
" 0";"  9";" 0.00";" -2.20";"accabler";"1.379515e-01"
" 0";"  9";" 0.00";" -2.20";"port";"1.379515e-01"
" 0";"  9";" 0.00";" -2.20";"paisible";"1.379515e-01"
" 0";"  9";" 0.00";" -2.20";"muraille";"1.379515e-01"
" 0";"  9";" 0.00";" -2.20";"marquis";"1.379515e-01"
" 0";"  9";" 0.00";" -2.20";"jacques";"1.379515e-01"
" 0";"  9";" 0.00";" -2.20";"effroi";"1.379515e-01"
" 0";"  9";" 0.00";" -2.20";"confiance";"1.379515e-01"
" 0";"  9";" 0.00";" -2.20";"bénir";"1.379515e-01"
" 0";"  9";" 0.00";" -2.20";"attendrir";"1.379515e-01"
" 0";"  9";" 0.00";" -2.20";"affliger";"1.379515e-01"
" 0";"  9";" 0.00";" -2.20";"aborder";"1.379515e-01"
" 0";"  9";" 0.00";" -2.20";"sceptre";"1.379515e-01"
" 0";"  9";" 0.00";" -2.20";"giroflée";"1.379515e-01"
" 0";"  9";" 0.00";" -2.20";"chérir";"1.379515e-01"
" 3";" 32";" 9.38";" -2.15";"élever";"1.428022e-01"
" 2";" 25";" 8.00";" -2.15";"mouton";"1.422321e-01"
" 2";" 25";" 8.00";" -2.15";"saisir";"1.422321e-01"
" 1";" 17";" 5.88";" -2.04";"mauvais";"1.530211e-01"
" 1";" 17";" 5.88";" -2.04";"fin";"1.530211e-01"
" 1";" 17";" 5.88";" -2.04";"vertueux";"1.530211e-01"
" 1";" 17";" 5.88";" -2.04";"vendre";"1.530211e-01"
" 1";" 17";" 5.88";" -2.04";"terrible";"1.530211e-01"
" 1";" 17";" 5.88";" -2.04";"surprise";"1.530211e-01"
" 6";" 51";"11.76";" -2.02";"tomber";"1.548071e-01"
" 4";" 38";"10.53";" -2.01";"soleil";"1.559935e-01"
"*****";"*";"*";"*";"*";"*"
" 60";" 464";"12.93";"-16.05";"dire";"6.158126e-05"
" 11";" 140";" 7.86";"-12.96";"deux";"3.175214e-04"
" 82";" 569";"14.41";"-12.56";"je";"3.945304e-04"
"221";"1287";"17.17";" -9.89";"le";"1.662221e-03"
" 59";" 413";"14.29";" -8.84";"se";"2.940011e-03"
" 27";" 219";"12.33";" -8.04";"j";"4.580991e-03"
"110";" 686";"16.03";" -7.60";"dans";"5.844483e-03"
" 84";" 533";"15.76";" -6.32";"du";"1.196104e-02"
"  4";"  59";" 6.78";" -6.30";"ma";"1.210097e-02"
"  0";"  20";" 0.00";" -4.91";"ô";"2.666874e-02"
"179";"1023";"17.50";" -4.83";"et";"2.801399e-02"
"  4";"  51";" 7.84";" -4.56";"entre";"3.270328e-02"
"  5";"  57";" 8.77";" -4.33";"mes";"3.735231e-02"
" 24";" 176";"13.64";" -4.26";"mon";"3.897177e-02"
"  1";"  24";" 4.17";" -3.66";"six";"5.574279e-02"
"168";" 943";"17.82";" -3.04";"un";"8.147939e-02"
" 21";" 149";"14.09";" -3.04";"m";"8.126075e-02"
"  2";"  29";" 6.90";" -3.00";"lorsque";"8.319200e-02"
"  0";"  12";" 0.00";" -2.94";"toi";"8.653029e-02"
"  5";"  49";"10.20";" -2.80";"trois";"9.452413e-02"
"  2";"  28";" 7.14";" -2.79";"tu";"9.512599e-02"
"  0";"  11";" 0.00";" -2.69";"trente";"1.008616e-01"
" 42";" 263";"15.97";" -2.45";"me";"1.177199e-01"
"  0";"  10";" 0.00";" -2.45";"te";"1.178124e-01"
"148";" 829";"17.85";" -2.38";"d";"1.227630e-01"
"  2";"  26";" 7.69";" -2.36";"longtemps";"1.243830e-01"
" 15";" 108";"13.89";" -2.33";"vouloir";"1.269179e-01"
"  0";"   9";" 0.00";" -2.20";"madame";"1.379515e-01"
"  0";"   9";" 0.00";" -2.20";"cinquante";"1.379515e-01"
" 43";" 265";"16.23";" -2.13";"ses";"1.443936e-01"
" 10";"  76";"13.16";" -2.06";"quand";"1.512916e-01"
" 61";" 362";"16.85";" -2.02";"son";"1.554260e-01"
"*";"*";"*";"*";"*";"*"
"47";"713";"6.59";"-107.15";"*Candide";"4.135824e-25"
"**";"classe";"3";"**";"";""
"****";"559";"2491";"22.44";"****";""
" 2";" 92";" 2.17";"-22.54";"nature";"2.053718e-06"
" 4";"104";" 3.85";"-21.56";"âme";"3.428444e-06"
" 0";" 70";" 0.00";"-20.84";"loi";"4.994931e-06"
" 3";" 94";" 3.19";"-20.80";"peuple";"5.107419e-06"
" 2";" 84";" 2.38";"-20.10";"vérité";"7.356059e-06"
" 1";" 73";" 1.37";"-19.18";"public";"1.187130e-05"
" 0";" 62";" 0.00";"-18.40";"art";"1.793577e-05"
" 2";" 74";" 2.70";"-17.07";"siècle";"3.600175e-05"
" 0";" 57";" 0.00";"-16.88";"nation";"3.985136e-05"
" 2";" 66";" 3.03";"-14.68";"sentir";"1.276627e-04"
" 0";" 47";" 0.00";"-13.86";"humain";"1.969063e-04"
" 2";" 63";" 3.17";"-13.78";"vertu";"2.050398e-04"
" 0";" 46";" 0.00";"-13.56";"ouvrage";"2.310660e-04"
" 2";" 62";" 3.23";"-13.49";"idée";"2.400989e-04"
" 0";" 44";" 0.00";"-12.96";"utile";"3.182572e-04"
"54";"356";"15.17";"-12.62";"homme";"3.814496e-04"
"10";"112";" 8.93";"-12.30";"coeur";"4.524510e-04"
" 0";" 41";" 0.00";"-12.06";"auteur";"5.147780e-04"
" 0";" 41";" 0.00";"-12.06";"sembler";"5.147780e-04"
" 3";" 64";" 4.69";"-11.90";"tête";"5.628024e-04"
" 1";" 48";" 2.08";"-11.65";"force";"6.407211e-04"
" 1";" 47";" 2.13";"-11.36";"citoyen";"7.517593e-04"
" 3";" 61";" 4.92";"-11.03";"voix";"8.958158e-04"
" 4";" 68";" 5.88";"-11.01";"esprit";"9.048669e-04"
" 1";" 45";" 2.22";"-10.76";"monarque";"1.035139e-03"
" 0";" 36";" 0.00";"-10.57";"humanité";"1.150067e-03"
" 1";" 43";" 2.33";"-10.17";"doux";"1.425861e-03"
" 1";" 43";" 2.33";"-10.17";"particulier";"1.425861e-03"
" 0";" 34";" 0.00";" -9.97";"regard";"1.588002e-03"
" 1";" 42";" 2.38";" -9.88";"simple";"1.673733e-03"
" 0";" 33";" 0.00";" -9.68";"vaste";"1.866575e-03"
" 0";" 32";" 0.00";" -9.38";"élever";"2.194508e-03"
" 1";" 40";" 2.50";" -9.29";"trône";"2.307102e-03"
" 2";" 47";" 4.26";" -9.10";"nom";"2.552979e-03"
" 0";" 31";" 0.00";" -9.08";"foule";"2.580682e-03"
" 0";" 30";" 0.00";" -8.79";"conserver";"3.035617e-03"
" 1";" 38";" 2.63";" -8.70";"génie";"3.181986e-03"
" 1";" 38";" 2.63";" -8.70";"côté";"3.181986e-03"
" 1";" 38";" 2.63";" -8.70";"soleil";"3.181986e-03"
" 9";" 91";" 9.89";" -8.55";"main";"3.458939e-03"
" 0";" 29";" 0.00";" -8.49";"régner";"3.571780e-03"
" 0";" 28";" 0.00";" -8.19";"front";"4.203961e-03"
" 0";" 28";" 0.00";" -8.19";"secret";"4.203961e-03"
" 1";" 36";" 2.78";" -8.11";"corps";"4.391645e-03"
" 1";" 36";" 2.78";" -8.11";"besoin";"4.391645e-03"
" 0";" 27";" 0.00";" -7.90";"cri";"4.949728e-03"
" 0";" 27";" 0.00";" -7.90";"éternel";"4.949728e-03"
" 1";" 35";" 2.86";" -7.82";"propre";"5.160832e-03"
" 0";" 26";" 0.00";" -7.60";"montrer";"5.829964e-03"
" 0";" 25";" 0.00";" -7.31";"orgueil";"6.869535e-03"
" 3";" 47";" 6.38";" -7.10";"former";"7.721545e-03"
" 5";" 60";" 8.33";" -7.03";"seul";"8.014776e-03"
" 0";" 24";" 0.00";" -7.01";"spectacle";"8.098081e-03"
" 0";" 24";" 0.00";" -7.01";"sacré";"8.098081e-03"
" 1";" 32";" 3.12";" -6.95";"gloire";"8.386895e-03"
" 1";" 32";" 3.12";" -6.95";"frapper";"8.386895e-03"
" 0";" 23";" 0.00";" -6.72";"faible";"9.550994e-03"
" 0";" 23";" 0.00";" -6.72";"sein";"9.550994e-03"
" 0";" 23";" 0.00";" -6.72";"remarquer";"9.550994e-03"
" 1";" 31";" 3.23";" -6.66";"amour";"9.865650e-03"
" 1";" 31";" 3.23";" -6.66";"auguste";"9.865650e-03"
" 4";" 52";" 7.69";" -6.64";"lieu";"9.986790e-03"
" 0";" 22";" 0.00";" -6.42";"pensée";"1.127060e-02"
" 0";" 22";" 0.00";" -6.42";"écrivain";"1.127060e-02"
" 0";" 22";" 0.00";" -6.42";"universel";"1.127060e-02"
" 0";" 22";" 0.00";" -6.42";"sublime";"1.127060e-02"
" 1";" 30";" 3.33";" -6.37";"pur";"1.160866e-02"
" 1";" 30";" 3.33";" -6.37";"travail";"1.160866e-02"
" 0";" 21";" 0.00";" -6.13";"asseoir";"1.330764e-02"
" 0";" 21";" 0.00";" -6.13";"sorte";"1.330764e-02"
" 0";" 21";" 0.00";" -6.13";"environner";"1.330764e-02"
" 0";" 21";" 0.00";" -6.13";"image";"1.330764e-02"
" 1";" 29";" 3.45";" -6.08";"sage";"1.366413e-02"
"18";"131";"13.74";" -6.01";"oeil";"1.419622e-02"
" 2";" 36";" 5.56";" -5.98";"âge";"1.443897e-02"
" 0";" 20";" 0.00";" -5.83";"sensible";"1.572303e-02"
" 0";" 20";" 0.00";" -5.83";"guide";"1.572303e-02"
" 1";" 28";" 3.57";" -5.79";"droit";"1.608930e-02"
" 1";" 28";" 3.57";" -5.79";"plutôt";"1.608930e-02"
" 5";" 55";" 9.09";" -5.76";"enfant";"1.640501e-02"
"13";"102";"12.75";" -5.74";"temps";"1.654144e-02"
" 0";" 19";" 0.00";" -5.54";"barbare";"1.859013e-02"
" 0";" 19";" 0.00";" -5.54";"perfection";"1.859013e-02"
" 0";" 19";" 0.00";" -5.54";"créateur";"1.859013e-02"
" 1";" 27";" 3.70";" -5.51";"découvrir";"1.895229e-02"
" 1";" 27";" 3.70";" -5.51";"moyen";"1.895229e-02"
" 2";" 34";" 5.88";" -5.43";"ordre";"1.979160e-02"
" 4";" 47";" 8.51";" -5.34";"place";"2.083131e-02"
" 5";" 53";" 9.43";" -5.26";"fois";"2.177531e-02"
" 5";" 53";" 9.43";" -5.26";"porter";"2.177531e-02"
" 0";" 18";" 0.00";" -5.25";"feu";"2.199751e-02"
" 0";" 18";" 0.00";" -5.25";"assemblée";"2.199751e-02"
" 0";" 18";" 0.00";" -5.25";"temple";"2.199751e-02"
" 0";" 18";" 0.00";" -5.25";"étonnant";"2.199751e-02"
" 0";" 18";" 0.00";" -5.25";"politique";"2.199751e-02"
" 0";" 18";" 0.00";" -5.25";"inspirer";"2.199751e-02"
" 1";" 26";" 3.85";" -5.22";"nombre";"2.233420e-02"
" 1";" 26";" 3.85";" -5.22";"intérêt";"2.233420e-02"
" 1";" 26";" 3.85";" -5.22";"grandeur";"2.233420e-02"
" 3";" 40";" 7.50";" -5.21";"coup";"2.240653e-02"
" 2";" 33";" 6.06";" -5.16";"remplir";"2.317272e-02"
" 3";" 39";" 7.69";" -4.95";"souverain";"2.606734e-02"
" 0";" 17";" 0.00";" -4.95";"degré";"2.605243e-02"
" 0";" 17";" 0.00";" -4.95";"froid";"2.605243e-02"
" 0";" 17";" 0.00";" -4.95";"terrible";"2.605243e-02"
" 0";" 17";" 0.00";" -4.95";"erreur";"2.605243e-02"
" 0";" 17";" 0.00";" -4.95";"monument";"2.605243e-02"
" 2";" 32";" 6.25";" -4.88";"objet";"2.713253e-02"
" 5";" 51";" 9.80";" -4.78";"nouveau";"2.884121e-02"
" 3";" 38";" 7.89";" -4.69";"chercher";"3.031851e-02"
" 0";" 16";" 0.00";" -4.66";"coupable";"3.088529e-02"
" 0";" 16";" 0.00";" -4.66";"forme";"3.088529e-02"
" 0";" 16";" 0.00";" -4.66";"respect";"3.088529e-02"
" 0";" 16";" 0.00";" -4.66";"imprimer";"3.088529e-02"
" 0";" 16";" 0.00";" -4.66";"annoncer";"3.088529e-02"
" 0";" 16";" 0.00";" -4.66";"couronner";"3.088529e-02"
" 0";" 16";" 0.00";" -4.66";"contraire";"3.088529e-02"
" 0";" 16";" 0.00";" -4.66";"pénétrer";"3.088529e-02"
" 0";" 16";" 0.00";" -4.66";"tyran";"3.088529e-02"
" 0";" 16";" 0.00";" -4.66";"fonder";"3.088529e-02"
" 0";" 16";" 0.00";" -4.66";"criminel";"3.088529e-02"
" 1";" 24";" 4.17";" -4.65";"trait";"3.106045e-02"
" 2";" 31";" 6.45";" -4.61";"exemple";"3.177030e-02"
" 2";" 31";" 6.45";" -4.61";"haut";"3.177030e-02"
" 2";" 31";" 6.45";" -4.61";"liberté";"3.177030e-02"
" 2";" 31";" 6.45";" -4.61";"sujet";"3.177030e-02"
" 2";" 31";" 6.45";" -4.61";"salle";"3.177030e-02"
" 2";" 31";" 6.45";" -4.61";"passion";"3.177030e-02"
"11";" 85";"12.94";" -4.56";"rendre";"3.267247e-02"
"15";"106";"14.15";" -4.37";"dieu";"3.654871e-02"
" 1";" 23";" 4.35";" -4.37";"silence";"3.665853e-02"
" 0";" 15";" 0.00";" -4.37";"moeurs";"3.665532e-02"
" 1";" 23";" 4.35";" -4.37";"libre";"3.665853e-02"
" 0";" 15";" 0.00";" -4.37";"blanc";"3.665532e-02"
" 0";" 15";" 0.00";" -4.37";"ridicule";"3.665532e-02"
" 0";" 15";" 0.00";" -4.37";"funeste";"3.665532e-02"
" 0";" 15";" 0.00";" -4.37";"cendre";"3.665532e-02"
" 0";" 15";" 0.00";" -4.37";"soumettre";"3.665532e-02"
" 0";" 15";" 0.00";" -4.37";"ministre";"3.665532e-02"
" 0";" 15";" 0.00";" -4.37";"talent";"3.665532e-02"
" 0";" 15";" 0.00";" -4.37";"placer";"3.665532e-02"
" 0";" 15";" 0.00";" -4.37";"couronne";"3.665532e-02"
" 2";" 30";" 6.67";" -4.34";"oser";"3.720236e-02"
" 2";" 30";" 6.67";" -4.34";"tableau";"3.720236e-02"
" 1";" 22";" 4.55";" -4.08";"gouvernement";"4.329163e-02"
" 1";" 22";" 4.55";" -4.08";"dévorer";"4.329163e-02"
" 5";" 48";"10.42";" -4.07";"mort";"4.376465e-02"
" 5";" 48";"10.42";" -4.07";"air";"4.376465e-02"
" 2";" 29";" 6.90";" -4.07";"justice";"4.356499e-02"
" 2";" 29";" 6.90";" -4.07";"sentiment";"4.356499e-02"
" 2";" 29";" 6.90";" -4.07";"lumière";"4.356499e-02"
" 0";" 14";" 0.00";" -4.07";"composer";"4.355785e-02"
" 0";" 14";" 0.00";" -4.07";"genre";"4.355785e-02"
" 0";" 14";" 0.00";" -4.07";"luxe";"4.355785e-02"
" 0";" 14";" 0.00";" -4.07";"éclairer";"4.355785e-02"
" 0";" 14";" 0.00";" -4.07";"peindre";"4.355785e-02"
" 0";" 14";" 0.00";" -4.07";"françois";"4.355785e-02"
" 0";" 14";" 0.00";" -4.07";"sagesse";"4.355785e-02"
" 0";" 14";" 0.00";" -4.07";"réel";"4.355785e-02"
"33";"197";"16.75";" -3.98";"grand";"4.608293e-02"
" 2";" 28";" 7.14";" -3.81";"digne";"5.101787e-02"
" 1";" 21";" 4.76";" -3.80";"descendre";"5.115874e-02"
" 1";" 21";" 4.76";" -3.80";"éloigner";"5.115874e-02"
" 1";" 21";" 4.76";" -3.80";"rang";"5.115874e-02"
" 0";" 13";" 0.00";" -3.78";"quartier";"5.183395e-02"
" 0";" 13";" 0.00";" -3.78";"bâtir";"5.183395e-02"
" 0";" 13";" 0.00";" -3.78";"héros";"5.183395e-02"
" 0";" 13";" 0.00";" -3.78";"différent";"5.183395e-02"
" 0";" 13";" 0.00";" -3.78";"vain";"5.183395e-02"
" 0";" 13";" 0.00";" -3.78";"perfectionner";"5.183395e-02"
" 0";" 13";" 0.00";" -3.78";"académicien";"5.183395e-02"
" 0";" 13";" 0.00";" -3.78";"édifice";"5.183395e-02"
" 0";" 13";" 0.00";" -3.78";"superbe";"5.183395e-02"
" 0";" 13";" 0.00";" -3.78";"rassembler";"5.183395e-02"
" 0";" 13";" 0.00";" -3.78";"paix";"5.183395e-02"
" 0";" 13";" 0.00";" -3.78";"emploi";"5.183395e-02"
" 0";" 13";" 0.00";" -3.78";"contempler";"5.183395e-02"
" 0";" 13";" 0.00";" -3.78";"combattre";"5.183395e-02"
" 0";" 13";" 0.00";" -3.78";"cas";"5.183395e-02"
" 0";" 13";" 0.00";" -3.78";"puissance";"5.183395e-02"
" 0";" 13";" 0.00";" -3.78";"infini";"5.183395e-02"
" 0";" 13";" 0.00";" -3.78";"suprême";"5.183395e-02"
" 0";" 13";" 0.00";" -3.78";"postérité";"5.183395e-02"
" 0";" 13";" 0.00";" -3.78";"magnifique";"5.183395e-02"
" 0";" 13";" 0.00";" -3.78";"animer";"5.183395e-02"
" 6";" 52";"11.54";" -3.63";"femme";"5.685362e-02"
" 2";" 27";" 7.41";" -3.54";"manière";"5.974800e-02"
" 2";" 27";" 7.41";" -3.54";"patrie";"5.974800e-02"
" 2";" 27";" 7.41";" -3.54";"caractère";"5.974800e-02"
" 2";" 27";" 7.41";" -3.54";"univers";"5.974800e-02"
" 1";" 20";" 5.00";" -3.52";"empire";"6.049941e-02"
" 1";" 20";" 5.00";" -3.52";"dangereux";"6.049941e-02"
" 1";" 20";" 5.00";" -3.52";"titre";"6.049941e-02"
" 1";" 20";" 5.00";" -3.52";"famille";"6.049941e-02"
" 1";" 20";" 5.00";" -3.52";"représenter";"6.049941e-02"
" 1";" 20";" 5.00";" -3.52";"véritable";"6.049941e-02"
" 0";" 12";" 0.00";" -3.49";"société";"6.178324e-02"
" 0";" 12";" 0.00";" -3.49";"détruire";"6.178324e-02"
" 0";" 12";" 0.00";" -3.49";"cours";"6.178324e-02"
" 0";" 12";" 0.00";" -3.49";"élancer";"6.178324e-02"
" 0";" 12";" 0.00";" -3.49";"sommeil";"6.178324e-02"
" 0";" 12";" 0.00";" -3.49";"répéter";"6.178324e-02"
" 0";" 12";" 0.00";" -3.49";"intelligence";"6.178324e-02"
" 0";" 12";" 0.00";" -3.49";"opinion";"6.178324e-02"
" 0";" 12";" 0.00";" -3.49";"civil";"6.178324e-02"
" 0";" 12";" 0.00";" -3.49";"vengeance";"6.178324e-02"
" 0";" 12";" 0.00";" -3.49";"tyrannie";"6.178324e-02"
" 0";" 12";" 0.00";" -3.49";"majestueux";"6.178324e-02"
" 0";" 12";" 0.00";" -3.49";"magnificence";"6.178324e-02"
" 0";" 12";" 0.00";" -3.49";"magistrat";"6.178324e-02"
" 0";" 12";" 0.00";" -3.49";"glaive";"6.178324e-02"
" 0";" 12";" 0.00";" -3.49";"effacer";"6.178324e-02"
" 1";" 19";" 5.26";" -3.25";"jouir";"7.160279e-02"
" 1";" 19";" 5.26";" -3.25";"matière";"7.160279e-02"
" 1";" 19";" 5.26";" -3.25";"nécessaire";"7.160279e-02"
" 1";" 19";" 5.26";" -3.25";"faiblesse";"7.160279e-02"
"17";"110";"15.45";" -3.23";"trouver";"7.242546e-02"
" 0";" 11";" 0.00";" -3.20";"fortune";"7.378119e-02"
" 0";" 11";" 0.00";" -3.20";"honte";"7.378119e-02"
" 0";" 11";" 0.00";" -3.20";"pierre";"7.378119e-02"
" 0";" 11";" 0.00";" -3.20";"flambeau";"7.378119e-02"
" 0";" 11";" 0.00";" -3.20";"salutaire";"7.378119e-02"
" 0";" 11";" 0.00";" -3.20";"préjugé";"7.378119e-02"
" 0";" 11";" 0.00";" -3.20";"face";"7.378119e-02"
" 0";" 11";" 0.00";" -3.20";"projet";"7.378119e-02"
" 0";" 11";" 0.00";" -3.20";"douceur";"7.378119e-02"
" 0";" 11";" 0.00";" -3.20";"disposer";"7.378119e-02"
" 0";" 11";" 0.00";" -3.20";"attirer";"7.378119e-02"
" 0";" 11";" 0.00";" -3.20";"abus";"7.378119e-02"
" 0";" 11";" 0.00";" -3.20";"instruire";"7.378119e-02"
" 0";" 11";" 0.00";" -3.20";"grossier";"7.378119e-02"
" 0";" 11";" 0.00";" -3.20";"merveilleux";"7.378119e-02"
" 0";" 11";" 0.00";" -3.20";"difficile";"7.378119e-02"
" 0";" 11";" 0.00";" -3.20";"consacrer";"7.378119e-02"
" 0";" 11";" 0.00";" -3.20";"charme";"7.378119e-02"
" 0";" 11";" 0.00";" -3.20";"but";"7.378119e-02"
" 0";" 11";" 0.00";" -3.20";"aspect";"7.378119e-02"
" 0";" 11";" 0.00";" -3.20";"appliquer";"7.378119e-02"
" 0";" 11";" 0.00";" -3.20";"funèbre";"7.378119e-02"
" 5";" 44";"11.36";" -3.16";"prince";"7.556749e-02"
" 4";" 38";"10.53";" -3.15";"espèce";"7.605281e-02"
" 2";" 25";" 8.00";" -3.03";"science";"8.195317e-02"
"12";" 82";"14.63";" -2.97";"état";"8.487521e-02"
" 1";" 18";" 5.56";" -2.97";"sang";"8.481891e-02"
" 1";" 18";" 5.56";" -2.97";"animal";"8.481891e-02"
" 1";" 18";" 5.56";" -2.97";"changer";"8.481891e-02"
" 1";" 18";" 5.56";" -2.97";"attacher";"8.481891e-02"
" 1";" 18";" 5.56";" -2.97";"action";"8.481891e-02"
" 0";" 10";" 0.00";" -2.91";"vil";"8.830323e-02"
" 0";" 10";" 0.00";" -2.91";"ajouter";"8.830323e-02"
" 0";" 10";" 0.00";" -2.91";"reposer";"8.830323e-02"
" 0";" 10";" 0.00";" -2.91";"poids";"8.830323e-02"
" 0";" 10";" 0.00";" -2.91";"allumer";"8.830323e-02"
" 0";" 10";" 0.00";" -2.91";"écraser";"8.830323e-02"
" 0";" 10";" 0.00";" -2.91";"terreur";"8.830323e-02"
" 0";" 10";" 0.00";" -2.91";"scène";"8.830323e-02"
" 0";" 10";" 0.00";" -2.91";"estimer";"8.830323e-02"
" 0";" 10";" 0.00";" -2.91";"contenir";"8.830323e-02"
" 0";" 10";" 0.00";" -2.91";"appartement";"8.830323e-02"
" 0";" 10";" 0.00";" -2.91";"tribut";"8.830323e-02"
" 0";" 10";" 0.00";" -2.91";"morceau";"8.830323e-02"
" 0";" 10";" 0.00";" -2.91";"dignité";"8.830323e-02"
" 0";" 10";" 0.00";" -2.91";"chapeau";"8.830323e-02"
" 0";" 10";" 0.00";" -2.91";"séjour";"8.830323e-02"
" 0";" 10";" 0.00";" -2.91";"poison";"8.830323e-02"
" 0";" 10";" 0.00";" -2.91";"multiplier";"8.830323e-02"
" 0";" 10";" 0.00";" -2.91";"voiture";"8.830323e-02"
" 0";" 10";" 0.00";" -2.91";"veille";"8.830323e-02"
" 0";" 10";" 0.00";" -2.91";"révolution";"8.830323e-02"
" 0";" 10";" 0.00";" -2.91";"prière";"8.830323e-02"
" 0";" 10";" 0.00";" -2.91";"parer";"8.830323e-02"
" 0";" 10";" 0.00";" -2.91";"industrie";"8.830323e-02"
" 0";" 10";" 0.00";" -2.91";"chaîne";"8.830323e-02"
" 0";" 10";" 0.00";" -2.91";"antiquité";"8.830323e-02"
" 0";" 10";" 0.00";" -2.91";"tendresse";"8.830323e-02"
" 0";" 10";" 0.00";" -2.91";"interrompre";"8.830323e-02"
" 0";" 10";" 0.00";" -2.91";"honorable";"8.830323e-02"
" 0";" 10";" 0.00";" -2.91";"confier";"8.830323e-02"
" 6";" 48";"12.50";" -2.78";"tenir";"9.551809e-02"
" 2";" 24";" 8.33";" -2.77";"profond";"9.598424e-02"
" 2";" 24";" 8.33";" -2.77";"juger";"9.598424e-02"
" 1";" 17";" 5.88";" -2.70";"égal";"1.005729e-01"
" 1";" 17";" 5.88";" -2.70";"vertueux";"1.005729e-01"
" 1";" 17";" 5.88";" -2.70";"effort";"1.005729e-01"
" 1";" 17";" 5.88";" -2.70";"agir";"1.005729e-01"
" 1";" 17";" 5.88";" -2.70";"important";"1.005729e-01"
" 1";" 17";" 5.88";" -2.70";"touchant";"1.005729e-01"
" 1";" 17";" 5.88";" -2.70";"généreux";"1.005729e-01"
" 9";" 64";"14.06";" -2.65";"porte";"1.035988e-01"
" 0";"  9";" 0.00";" -2.61";"flatter";"1.059590e-01"
" 0";"  9";" 0.00";" -2.61";"semblable";"1.059590e-01"
" 0";"  9";" 0.00";" -2.61";"rayon";"1.059590e-01"
" 0";"  9";" 0.00";" -2.61";"plonger";"1.059590e-01"
" 0";"  9";" 0.00";" -2.61";"destiner";"1.059590e-01"
" 0";"  9";" 0.00";" -2.61";"cadavre";"1.059590e-01"
" 0";"  9";" 0.00";" -2.61";"borne";"1.059590e-01"
" 0";"  9";" 0.00";" -2.61";"éteindre";"1.059590e-01"
" 0";"  9";" 0.00";" -2.61";"nombreux";"1.059590e-01"
" 0";"  9";" 0.00";" -2.61";"esclavage";"1.059590e-01"
" 0";"  9";" 0.00";" -2.61";"défaut";"1.059590e-01"
" 0";"  9";" 0.00";" -2.61";"décider";"1.059590e-01"
" 0";"  9";" 0.00";" -2.61";"comprendre";"1.059590e-01"
" 0";"  9";" 0.00";" -2.61";"avilir";"1.059590e-01"
" 0";"  9";" 0.00";" -2.61";"aile";"1.059590e-01"
" 0";"  9";" 0.00";" -2.61";"accoutumer";"1.059590e-01"
" 0";"  9";" 0.00";" -2.61";"subsister";"1.059590e-01"
" 0";"  9";" 0.00";" -2.61";"souffle";"1.059590e-01"
" 0";"  9";" 0.00";" -2.61";"paisible";"1.059590e-01"
" 0";"  9";" 0.00";" -2.61";"muraille";"1.059590e-01"
" 0";"  9";" 0.00";" -2.61";"fournir";"1.059590e-01"
" 0";"  9";" 0.00";" -2.61";"effroi";"1.059590e-01"
" 0";"  9";" 0.00";" -2.61";"divin";"1.059590e-01"
" 0";"  9";" 0.00";" -2.61";"confondre";"1.059590e-01"
" 0";"  9";" 0.00";" -2.61";"éloquent";"1.059590e-01"
" 0";"  9";" 0.00";" -2.61";"sceptre";"1.059590e-01"
" 0";"  9";" 0.00";" -2.61";"réconnaissance";"1.059590e-01"
" 0";"  9";" 0.00";" -2.61";"récompenser";"1.059590e-01"
" 0";"  9";" 0.00";" -2.61";"ressort";"1.059590e-01"
" 0";"  9";" 0.00";" -2.61";"publier";"1.059590e-01"
" 0";"  9";" 0.00";" -2.61";"production";"1.059590e-01"
" 0";"  9";" 0.00";" -2.61";"peintre";"1.059590e-01"
" 0";"  9";" 0.00";" -2.61";"pasteur";"1.059590e-01"
" 0";"  9";" 0.00";" -2.61";"intéressant";"1.059590e-01"
" 0";"  9";" 0.00";" -2.61";"harmonie";"1.059590e-01"
" 0";"  9";" 0.00";" -2.61";"empreinte";"1.059590e-01"
" 0";"  9";" 0.00";" -2.61";"corrompre";"1.059590e-01"
" 0";"  9";" 0.00";" -2.61";"chérir";"1.059590e-01"
" 0";"  9";" 0.00";" -2.61";"artiste";"1.059590e-01"
" 2";" 23";" 8.70";" -2.52";"produire";"1.124179e-01"
" 2";" 23";" 8.70";" -2.52";"académie";"1.124179e-01"
" 1";" 16";" 6.25";" -2.43";"précieux";"1.193829e-01"
" 1";" 16";" 6.25";" -2.43";"mémoire";"1.193829e-01"
" 1";" 16";" 6.25";" -2.43";"éclairé";"1.193829e-01"
" 1";" 16";" 6.25";" -2.43";"statue";"1.193829e-01"
" 1";" 16";" 6.25";" -2.43";"antique";"1.193829e-01"
" 1";" 16";" 6.25";" -2.43";"étendue";"1.193829e-01"
" 0";"  8";" 0.00";" -2.32";"emporter";"1.275430e-01"
" 0";"  8";" 0.00";" -2.32";"suffire";"1.275430e-01"
" 0";"  8";" 0.00";" -2.32";"veiller";"1.275430e-01"
" 0";"  8";" 0.00";" -2.32";"sommet";"1.275430e-01"
" 0";"  8";" 0.00";" -2.32";"créer";"1.275430e-01"
" 0";"  8";" 0.00";" -2.32";"revêtir";"1.275430e-01"
" 0";"  8";" 0.00";" -2.32";"parent";"1.275430e-01"
" 0";"  8";" 0.00";" -2.32";"mortel";"1.275430e-01"
" 0";"  8";" 0.00";" -2.32";"daigner";"1.275430e-01"
" 0";"  8";" 0.00";" -2.32";"briser";"1.275430e-01"
" 0";"  8";" 0.00";" -2.32";"épargner";"1.275430e-01"
" 0";"  8";" 0.00";" -2.32";"volonté";"1.275430e-01"
" 0";"  8";" 0.00";" -2.32";"prélat";"1.275430e-01"
" 0";"  8";" 0.00";" -2.32";"plante";"1.275430e-01"
" 0";"  8";" 0.00";" -2.32";"ornement";"1.275430e-01"
" 0";"  8";" 0.00";" -2.32";"intéresser";"1.275430e-01"
" 0";"  8";" 0.00";" -2.32";"ignorance";"1.275430e-01"
" 0";"  8";" 0.00";" -2.32";"forêt";"1.275430e-01"
" 0";"  8";" 0.00";" -2.32";"flamme";"1.275430e-01"
" 0";"  8";" 0.00";" -2.32";"débris";"1.275430e-01"
" 0";"  8";" 0.00";" -2.32";"équité";"1.275430e-01"
" 0";"  8";" 0.00";" -2.32";"à_coup";"1.275430e-01"
" 0";"  8";" 0.00";" -2.32";"zèle";"1.275430e-01"
" 0";"  8";" 0.00";" -2.32";"ténèbres";"1.275430e-01"
" 0";"  8";" 0.00";" -2.32";"repos";"1.275430e-01"
" 0";"  8";" 0.00";" -2.32";"principal";"1.275430e-01"
" 0";"  8";" 0.00";" -2.32";"marquer";"1.275430e-01"
" 0";"  8";" 0.00";" -2.32";"honteux";"1.275430e-01"
" 0";"  8";" 0.00";" -2.32";"grec";"1.275430e-01"
" 0";"  8";" 0.00";" -2.32";"fixer";"1.275430e-01"
" 0";"  8";" 0.00";" -2.32";"dresser";"1.275430e-01"
" 0";"  8";" 0.00";" -2.32";"despotisme";"1.275430e-01"
" 0";"  8";" 0.00";" -2.32";"consumer";"1.275430e-01"
" 0";"  8";" 0.00";" -2.32";"atteindre";"1.275430e-01"
" 0";"  8";" 0.00";" -2.32";"anglois";"1.275430e-01"
" 0";"  8";" 0.00";" -2.32";"vulgaire";"1.275430e-01"
" 0";"  8";" 0.00";" -2.32";"vainqueur";"1.275430e-01"
" 0";"  8";" 0.00";" -2.32";"tranquille";"1.275430e-01"
" 0";"  8";" 0.00";" -2.32";"sérieux";"1.275430e-01"
" 0";"  8";" 0.00";" -2.32";"prêter";"1.275430e-01"
" 0";"  8";" 0.00";" -2.32";"pont";"1.275430e-01"
" 0";"  8";" 0.00";" -2.32";"insensible";"1.275430e-01"
" 0";"  8";" 0.00";" -2.32";"exister";"1.275430e-01"
" 0";"  8";" 0.00";" -2.32";"autorité";"1.275430e-01"
" 0";"  8";" 0.00";" -2.32";"ambition";"1.275430e-01"
" 0";"  8";" 0.00";" -2.32";"volupté";"1.275430e-01"
" 0";"  8";" 0.00";" -2.32";"tempérament";"1.275430e-01"
" 0";"  8";" 0.00";" -2.32";"soupirer";"1.275430e-01"
" 0";"  8";" 0.00";" -2.32";"sain";"1.275430e-01"
" 0";"  8";" 0.00";" -2.32";"possession";"1.275430e-01"
" 0";"  8";" 0.00";" -2.32";"peupler";"1.275430e-01"
" 0";"  8";" 0.00";" -2.32";"opération";"1.275430e-01"
" 0";"  8";" 0.00";" -2.32";"lumineux";"1.275430e-01"
" 0";"  8";" 0.00";" -2.32";"impression";"1.275430e-01"
" 0";"  8";" 0.00";" -2.32";"félicité";"1.275430e-01"
" 0";"  8";" 0.00";" -2.32";"fécond";"1.275430e-01"
" 0";"  8";" 0.00";" -2.32";"fable";"1.275430e-01"
" 0";"  8";" 0.00";" -2.32";"entrailles";"1.275430e-01"
" 0";"  8";" 0.00";" -2.32";"borné";"1.275430e-01"
" 0";"  8";" 0.00";" -2.32";"aveugle";"1.275430e-01"
" 0";"  8";" 0.00";" -2.32";"attentif";"1.275430e-01"
" 0";"  8";" 0.00";" -2.32";"animé";"1.275430e-01"
" 2";" 22";" 9.09";" -2.27";"tour";"1.316631e-01"
" 4";" 34";"11.76";" -2.26";"naître";"1.329811e-01"
" 3";" 28";"10.71";" -2.24";"plein";"1.347122e-01"
" 3";" 28";"10.71";" -2.24";"reconnaître";"1.347122e-01"
" 1";" 15";" 6.67";" -2.16";"poète";"1.418835e-01"
" 1";" 15";" 6.67";" -2.16";"source";"1.418835e-01"
" 1";" 15";" 6.67";" -2.16";"habitant";"1.418835e-01"
" 1";" 15";" 6.67";" -2.16";"échapper";"1.418835e-01"
" 1";" 15";" 6.67";" -2.16";"crainte";"1.418835e-01"
" 1";" 15";" 6.67";" -2.16";"parcourir";"1.418835e-01"
" 1";" 15";" 6.67";" -2.16";"multitude";"1.418835e-01"
" 1";" 15";" 6.67";" -2.16";"considérer";"1.418835e-01"
" 1";" 15";" 6.67";" -2.16";"bonté";"1.418835e-01"
" 1";" 15";" 6.67";" -2.16";"respectable";"1.418835e-01"
" 1";" 15";" 6.67";" -2.16";"oeuvre";"1.418835e-01"
" 1";" 15";" 6.67";" -2.16";"léger";"1.418835e-01"
" 5";" 39";"12.82";" -2.11";"ciel";"1.466466e-01"
" 5";" 39";"12.82";" -2.11";"bonheur";"1.466466e-01"
" 4";" 33";"12.12";" -2.05";"milieu";"1.525820e-01"
" 2";" 21";" 9.52";" -2.03";"adorer";"1.541967e-01"
" 2";" 21";" 9.52";" -2.03";"immense";"1.541967e-01"
" 2";" 21";" 9.52";" -2.03";"principe";"1.541967e-01"
" 2";" 21";" 9.52";" -2.03";"courage";"1.541967e-01"
" 0";"  7";" 0.00";" -2.03";"tombeau";"1.541121e-01"
" 0";"  7";" 0.00";" -2.03";"jambe";"1.541121e-01"
" 0";"  7";" 0.00";" -2.03";"bannir";"1.541121e-01"
" 0";"  7";" 0.00";" -2.03";"tronc";"1.541121e-01"
" 0";"  7";" 0.00";" -2.03";"portrait";"1.541121e-01"
" 0";"  7";" 0.00";" -2.03";"colonne";"1.541121e-01"
" 0";"  7";" 0.00";" -2.03";"superstition";"1.541121e-01"
" 0";"  7";" 0.00";" -2.03";"sot";"1.541121e-01"
" 0";"  7";" 0.00";" -2.03";"solitaire";"1.541121e-01"
" 0";"  7";" 0.00";" -2.03";"droite";"1.541121e-01"
" 0";"  7";" 0.00";" -2.03";"sûr";"1.541121e-01"
" 0";"  7";" 0.00";" -2.03";"sénat";"1.541121e-01"
" 0";"  7";" 0.00";" -2.03";"imposer";"1.541121e-01"
" 0";"  7";" 0.00";" -2.03";"respirer";"1.541121e-01"
" 0";"  7";" 0.00";" -2.03";"puéril";"1.541121e-01"
" 0";"  7";" 0.00";" -2.03";"papier";"1.541121e-01"
" 0";"  7";" 0.00";" -2.03";"louange";"1.541121e-01"
" 0";"  7";" 0.00";" -2.03";"déchirer";"1.541121e-01"
" 0";"  7";" 0.00";" -2.03";"compatriote";"1.541121e-01"
" 0";"  7";" 0.00";" -2.03";"étouffer";"1.541121e-01"
" 0";"  7";" 0.00";" -2.03";"égarer";"1.541121e-01"
" 0";"  7";" 0.00";" -2.03";"tribunal";"1.541121e-01"
" 0";"  7";" 0.00";" -2.03";"style";"1.541121e-01"
" 0";"  7";" 0.00";" -2.03";"solitude";"1.541121e-01"
" 0";"  7";" 0.00";" -2.03";"origine";"1.541121e-01"
" 0";"  7";" 0.00";" -2.03";"insolent";"1.541121e-01"
" 0";"  7";" 0.00";" -2.03";"hâter";"1.541121e-01"
" 0";"  7";" 0.00";" -2.03";"extravagant";"1.541121e-01"
" 0";"  7";" 0.00";" -2.03";"désirer";"1.541121e-01"
" 0";"  7";" 0.00";" -2.03";"déguiser";"1.541121e-01"
" 0";"  7";" 0.00";" -2.03";"divinité";"1.541121e-01"
" 0";"  7";" 0.00";" -2.03";"céder";"1.541121e-01"
" 0";"  7";" 0.00";" -2.03";"calme";"1.541121e-01"
" 0";"  7";" 0.00";" -2.03";"bataille";"1.541121e-01"
" 0";"  7";" 0.00";" -2.03";"aimable";"1.541121e-01"
" 0";"  7";" 0.00";" -2.03";"affecter";"1.541121e-01"
" 0";"  7";" 0.00";" -2.03";"affable";"1.541121e-01"
" 0";"  7";" 0.00";" -2.03";"voltaire";"1.541121e-01"
" 0";"  7";" 0.00";" -2.03";"sévère";"1.541121e-01"
" 0";"  7";" 0.00";" -2.03";"surpasser";"1.541121e-01"
" 0";"  7";" 0.00";" -2.03";"précipiter";"1.541121e-01"
" 0";"  7";" 0.00";" -2.03";"portoient";"1.541121e-01"
" 0";"  7";" 0.00";" -2.03";"plan";"1.541121e-01"
" 0";"  7";" 0.00";" -2.03";"paysan";"1.541121e-01"
" 0";"  7";" 0.00";" -2.03";"pardonner";"1.541121e-01"
" 0";"  7";" 0.00";" -2.03";"ouvert";"1.541121e-01"
" 0";"  7";" 0.00";" -2.03";"législation";"1.541121e-01"
" 0";"  7";" 0.00";" -2.03";"intérieur";"1.541121e-01"
" 0";"  7";" 0.00";" -2.03";"hommage";"1.541121e-01"
" 0";"  7";" 0.00";" -2.03";"geste";"1.541121e-01"
" 0";"  7";" 0.00";" -2.03";"fardeau";"1.541121e-01"
" 0";"  7";" 0.00";" -2.03";"expression";"1.541121e-01"
" 0";"  7";" 0.00";" -2.03";"déplorable";"1.541121e-01"
" 0";"  7";" 0.00";" -2.03";"converser";"1.541121e-01"
" 0";"  7";" 0.00";" -2.03";"convenable";"1.541121e-01"
" 0";"  7";" 0.00";" -2.03";"centre";"1.541121e-01"
" 0";"  7";" 0.00";" -2.03";"base";"1.541121e-01"
" 0";"  7";" 0.00";" -2.03";"applaudir";"1.541121e-01"
" 0";"  7";" 0.00";" -2.03";"aisé";"1.541121e-01"
" 0";"  7";" 0.00";" -2.03";"énergie";"1.541121e-01"
" 0";"  7";" 0.00";" -2.03";"user";"1.541121e-01"
" 0";"  7";" 0.00";" -2.03";"unique";"1.541121e-01"
" 0";"  7";" 0.00";" -2.03";"sombre";"1.541121e-01"
" 0";"  7";" 0.00";" -2.03";"presse";"1.541121e-01"
" 0";"  7";" 0.00";" -2.03";"perpétuel";"1.541121e-01"
" 0";"  7";" 0.00";" -2.03";"organe";"1.541121e-01"
" 0";"  7";" 0.00";" -2.03";"oraison";"1.541121e-01"
" 0";"  7";" 0.00";" -2.03";"opposé";"1.541121e-01"
" 0";"  7";" 0.00";" -2.03";"joug";"1.541121e-01"
" 0";"  7";" 0.00";" -2.03";"fête";"1.541121e-01"
" 0";"  7";" 0.00";" -2.03";"faste";"1.541121e-01"
" 0";"  7";" 0.00";" -2.03";"existence";"1.541121e-01"
" 0";"  7";" 0.00";" -2.03";"excès";"1.541121e-01"
" 0";"  7";" 0.00";" -2.03";"corriger";"1.541121e-01"
" 0";"  7";" 0.00";" -2.03";"consolant";"1.541121e-01"
" 0";"  7";" 0.00";" -2.03";"cieux";"1.541121e-01"
" 0";"  7";" 0.00";" -2.03";"bleu";"1.541121e-01"
" 0";"  7";" 0.00";" -2.03";"astre";"1.541121e-01"
" 3";" 27";"11.11";" -2.01";"permettre";"1.559488e-01"
"*****";"*";"*";"*";"*";"*"
"170";"1164";"14.60";"-77.09";"l";"1.637474e-18"
"133";" 843";"15.78";"-32.51";"des";"1.185829e-08"
"148";" 904";"16.37";"-30.03";"qui";"4.255989e-08"
" 88";" 571";"15.41";"-21.03";"plus";"4.519978e-06"
"210";"1137";"18.47";"-18.95";"les";"1.339960e-05"
"390";"1903";"20.49";"-17.56";"de";"2.790037e-05"
"278";"1421";"19.56";"-15.73";"la";"7.292553e-05"
"  8";" 107";" 7.48";"-14.38";"nos";"1.490523e-04"
" 39";" 274";"14.23";"-11.91";"cette";"5.569671e-04"
"  5";"  78";" 6.41";"-11.89";"chaque";"5.647474e-04"
" 16";" 145";"11.03";"-11.51";"devoir";"6.926541e-04"
" 18";" 154";"11.69";"-10.90";"aux";"9.596292e-04"
"  5";"  72";" 6.94";"-10.23";"elles";"1.382070e-03"
"  7";"  85";" 8.24";"-10.20";"sous";"1.401940e-03"
" 39";" 265";"14.72";"-10.16";"ses";"1.431714e-03"
" 46";" 300";"15.33";" -9.90";"ces";"1.653320e-03"
"  4";"  63";" 6.35";" -9.62";"ceux";"1.928962e-03"
" 18";" 147";"12.24";" -9.33";"même";"2.253517e-03"
" 33";" 227";"14.54";" -8.96";"point";"2.754404e-03"
"  1";"  38";" 2.63";" -8.70";"contre";"3.181986e-03"
" 37";" 246";"15.04";" -8.59";"comme";"3.383545e-03"
"  2";"  43";" 4.65";" -7.96";"parmi";"4.792916e-03"
"159";" 829";"19.18";" -7.59";"d";"5.863636e-03"
"334";"1609";"20.76";" -7.39";"être";"6.553649e-03"
"106";" 576";"18.40";" -7.02";"une";"8.063813e-03"
" 56";" 333";"16.82";" -6.99";"sur";"8.218485e-03"
" 14";" 112";"12.50";" -6.66";"toutes";"9.869163e-03"
" 27";" 180";"15.00";" -6.17";"où";"1.298018e-02"
"  1";"  29";" 3.45";" -6.08";"lorsque";"1.366413e-02"
" 12";"  97";"12.37";" -5.88";"notre";"1.531364e-02"
"  1";"  28";" 3.57";" -5.79";"lui_même";"1.608930e-02"
" 68";" 383";"17.75";" -5.71";"nous";"1.686358e-02"
"  0";"  19";" 0.00";" -5.54";"afin";"1.859013e-02"
" 43";" 258";"16.67";" -5.51";"leur";"1.887333e-02"
" 20";" 139";"14.39";" -5.48";"ou";"1.918826e-02"
"  9";"  77";"11.69";" -5.28";"tant";"2.159606e-02"
"  7";"  64";"10.94";" -4.99";"parce_que";"2.543403e-02"
"  7";"  63";"11.11";" -4.77";"plusieurs";"2.901331e-02"
"  2";"  31";" 6.45";" -4.61";"depuis";"3.177030e-02"
"112";" 582";"19.24";" -4.46";"on";"3.471512e-02"
" 28";" 174";"16.09";" -4.33";"leurs";"3.739684e-02"
" 46";" 264";"17.42";" -4.27";"par";"3.879825e-02"
"  3";"  36";" 8.33";" -4.18";"trop";"4.097942e-02"
"  0";"  14";" 0.00";" -4.07";"jadis";"4.355785e-02"
" 27";" 167";"16.17";" -4.05";"sans";"4.424579e-02"
"  1";"  20";" 5.00";" -3.52";"près";"6.049941e-02"
"220";"1065";"20.66";" -3.40";"ne";"6.519505e-02"
" 56";" 305";"18.36";" -3.32";"ils";"6.826308e-02"
" 20";" 126";"15.87";" -3.29";"dont";"6.974106e-02"
"  0";"  11";" 0.00";" -3.20";"différents";"7.378119e-02"
"  3";"  32";" 9.38";" -3.18";"presque";"7.456554e-02"
" 40";" 224";"17.86";" -2.97";"tous";"8.476304e-02"
"  3";"  31";" 9.68";" -2.94";"ton";"8.651505e-02"
"  0";"  10";" 0.00";" -2.91";"laquelle";"8.830323e-02"
"  0";"  10";" 0.00";" -2.91";"telle";"8.830323e-02"
"  2";"  24";" 8.33";" -2.77";"aucun";"9.598424e-02"
"  5";"  42";"11.90";" -2.72";"dès";"9.880760e-02"
"  0";"   9";" 0.00";" -2.61";"lesquels";"1.059590e-01"
"  6";"  47";"12.77";" -2.58";"celui";"1.084794e-01"
" 73";" 378";"19.31";" -2.51";"s";"1.134058e-01"
"  8";"  57";"14.04";" -2.37";"mes";"1.238359e-01"
"  0";"   8";" 0.00";" -2.32";"tels";"1.275430e-01"
"  0";"   8";" 0.00";" -2.32";"vive";"1.275430e-01"
"  2";"  22";" 9.09";" -2.27";"mêmes";"1.316631e-01"
" 11";"  72";"15.28";" -2.19";"moins";"1.392980e-01"
" 68";" 350";"19.43";" -2.12";"au";"1.451133e-01"
"  9";"  61";"14.75";" -2.12";"vos";"1.451232e-01"
" 89";" 448";"19.87";" -2.08";"pour";"1.491901e-01"
"  0";"   7";" 0.00";" -2.03";"c_est_à_dire";"1.541121e-01"
"  0";"   7";" 0.00";" -2.03";"eux_mêmes";"1.541121e-01"
"*";"*";"*";"*";"*";"*"
"20";"1518";"1.32";"-996.28";"L'ANNÉE";"1.153335e-218"
"20";"1518";"1.32";"-996.28";"*À";"1.153335e-218"
"20";"1518";"1.32";"-996.28";"CENT";"1.153335e-218"
"20";"1518";"1.32";"-996.28";"DEUX";"1.153335e-218"
"20";"1518";"1.32";"-996.28";"MILLE";"1.153335e-218"
"20";"1518";"1.32";"-996.28";"QUATRE";"1.153335e-218"
"20";"1518";"1.32";"-996.28";"QUARANTE.";"1.153335e-218"
" 4";" 130";"3.08";" -29.55";"*VOYAGE";" 5.453826e-08"
" 4";" 130";"3.08";" -29.55";"DANS";" 5.453826e-08"
" 4";" 130";"3.08";" -29.55";"LES";" 5.453826e-08"
" 4";" 130";"3.08";" -29.55";"ESPACES.";" 5.453826e-08"
" 8";" 130";"6.15";" -20.90";"chaumière";" 4.828943e-06"
" 8";" 130";"6.15";" -20.90";"indienne";" 4.828943e-06"
" 8";" 130";"6.15";" -20.90";"*La";" 4.828943e-06"
"**";"classe";"4";"**";"";""
"****";"460";"2491";"18.47";"****";""
" 5";"285";" 1.75";"-59.70";"candide";"1.106298e-14"
" 1";" 91";" 1.10";"-18.92";"cunégonde";"1.361886e-05"
" 1";" 90";" 1.11";"-18.68";"martin";"1.546145e-05"
" 0";" 72";" 0.00";"-16.79";"cacambo";"4.169531e-05"
" 0";" 68";" 0.00";"-15.83";"pangloss";"6.916674e-05"
" 4";"104";" 3.85";"-15.41";"âme";"8.661729e-05"
" 0";" 59";" 0.00";"-13.69";"raison";"2.159376e-04"
" 4";" 84";" 4.76";"-10.84";"vérité";"9.911876e-04"
" 5";" 89";" 5.62";"-10.12";"parler";"1.466785e-03"
" 8";"112";" 7.14";" -9.99";"coeur";"1.576242e-03"
" 1";" 51";" 1.96";" -9.42";"tomber";"2.145033e-03"
" 7";"101";" 6.93";" -9.30";"roi";"2.286498e-03"
" 2";" 55";" 3.64";" -8.22";"perdre";"4.153671e-03"
" 0";" 35";" 0.00";" -8.04";"mademoiselle";"4.575307e-03"
" 0";" 34";" 0.00";" -7.81";"naître";"5.203843e-03"
" 7";" 92";" 7.61";" -7.48";"nature";"6.239298e-03"
"16";"156";"10.26";" -7.45";"donner";"6.341923e-03"
" 0";" 31";" 0.00";" -7.11";"passion";"7.667008e-03"
" 6";" 82";" 7.32";" -7.00";"état";"8.148336e-03"
" 2";" 49";" 4.08";" -6.87";"regarder";"8.768757e-03"
"48";"356";"13.48";" -6.85";"homme";"8.859837e-03"
" 0";" 29";" 0.00";" -6.65";"sentiment";"9.940323e-03"
" 0";" 27";" 0.00";" -6.18";"partie";"1.290400e-02"
" 0";" 27";" 0.00";" -6.18";"embrasser";"1.290400e-02"
" 7";" 85";" 8.24";" -6.12";"rendre";"1.337917e-02"
"10";"106";" 9.43";" -6.00";"dieu";"1.431291e-02"
" 1";" 36";" 2.78";" -5.97";"humanité";"1.453948e-02"
" 0";" 26";" 0.00";" -5.95";"intérêt";"1.471030e-02"
" 0";" 26";" 0.00";" -5.95";"diamant";"1.471030e-02"
" 0";" 25";" 0.00";" -5.72";"mouton";"1.677619e-02"
" 3";" 52";" 5.77";" -5.69";"vieux";"1.709347e-02"
" 0";" 24";" 0.00";" -5.49";"fils";"1.914057e-02"
" 0";" 24";" 0.00";" -5.49";"venise";"1.914057e-02"
" 3";" 51";" 5.88";" -5.48";"cher";"1.927704e-02"
" 2";" 42";" 4.76";" -5.33";"ami";"2.097351e-02"
" 1";" 32";" 3.12";" -5.07";"larme";"2.438088e-02"
" 0";" 22";" 0.00";" -5.03";"souper";"2.495270e-02"
" 0";" 22";" 0.00";" -5.03";"manquer";"2.495270e-02"
" 0";" 22";" 0.00";" -5.03";"douleur";"2.495270e-02"
" 3";" 48";" 6.25";" -4.85";"force";"2.762437e-02"
" 1";" 31";" 3.23";" -4.84";"meilleur";"2.776326e-02"
" 1";" 31";" 3.23";" -4.84";"liberté";"2.776326e-02"
" 7";" 78";" 8.97";" -4.82";"devenir";"2.815487e-02"
" 0";" 21";" 0.00";" -4.80";"dame";"2.851404e-02"
" 4";" 55";" 7.27";" -4.68";"aimer";"3.050726e-02"
" 3";" 47";" 6.38";" -4.65";"père";"3.113445e-02"
" 3";" 47";" 6.38";" -4.65";"humain";"3.113445e-02"
" 1";" 30";" 3.33";" -4.62";"pur";"3.162485e-02"
" 5";" 62";" 8.06";" -4.57";"idée";"3.255015e-02"
" 5";" 62";" 8.06";" -4.57";"art";"3.255015e-02"
" 0";" 20";" 0.00";" -4.57";"nommer";"3.260403e-02"
" 0";" 20";" 0.00";" -4.57";"sensible";"3.260403e-02"
" 0";" 20";" 0.00";" -4.57";"religion";"3.260403e-02"
" 2";" 38";" 5.26";" -4.47";"génie";"3.453691e-02"
" 1";" 29";" 3.45";" -4.40";"lumière";"3.603580e-02"
" 0";" 19";" 0.00";" -4.34";"tuer";"3.730629e-02"
" 0";" 19";" 0.00";" -4.34";"affaire";"3.730629e-02"
" 0";" 19";" 0.00";" -4.34";"aventure";"3.730629e-02"
" 6";" 68";" 8.82";" -4.32";"esprit";"3.772310e-02"
" 4";" 53";" 7.55";" -4.29";"pays";"3.837534e-02"
" 2";" 37";" 5.41";" -4.26";"frère";"3.912619e-02"
" 2";" 37";" 5.41";" -4.26";"attendre";"3.912619e-02"
" 1";" 28";" 3.57";" -4.17";"front";"4.107706e-02"
" 1";" 28";" 3.57";" -4.17";"bientôt";"4.107706e-02"
" 1";" 28";" 3.57";" -4.17";"plutôt";"4.107706e-02"
" 0";" 18";" 0.00";" -4.11";"songer";"4.271911e-02"
" 0";" 18";" 0.00";" -4.11";"action";"4.271911e-02"
" 6";" 66";" 9.09";" -3.96";"sentir";"4.664778e-02"
" 1";" 27";" 3.70";" -3.95";"revenir";"4.684213e-02"
" 1";" 27";" 3.70";" -3.95";"patrie";"4.684213e-02"
" 0";" 17";" 0.00";" -3.88";"fin";"4.895845e-02"
" 0";" 17";" 0.00";" -3.88";"vertueux";"4.895845e-02"
" 0";" 17";" 0.00";" -3.88";"degré";"4.895845e-02"
" 0";" 17";" 0.00";" -3.88";"erreur";"4.895845e-02"
" 0";" 17";" 0.00";" -3.88";"important";"4.895845e-02"
" 0";" 17";" 0.00";" -3.88";"moral";"4.895845e-02"
" 1";" 26";" 3.85";" -3.73";"abbé";"5.343924e-02"
" 0";" 16";" 0.00";" -3.65";"naturel";"5.616162e-02"
" 0";" 16";" 0.00";" -3.65";"travailler";"5.616162e-02"
" 0";" 16";" 0.00";" -3.65";"tendre";"5.616162e-02"
" 0";" 16";" 0.00";" -3.65";"contraire";"5.616162e-02"
" 0";" 16";" 0.00";" -3.65";"tyran";"5.616162e-02"
" 0";" 16";" 0.00";" -3.65";"paqueter";"5.616162e-02"
" 5";" 57";" 8.77";" -3.64";"nation";"5.636106e-02"
" 6";" 64";" 9.38";" -3.61";"maître";"5.756942e-02"
" 7";" 70";"10.00";" -3.43";"loi";"6.406244e-02"
" 6";" 63";" 9.52";" -3.43";"vertu";"6.390412e-02"
" 0";" 15";" 0.00";" -3.42";"moeurs";"6.449211e-02"
" 0";" 15";" 0.00";" -3.42";"juge";"6.449211e-02"
" 0";" 15";" 0.00";" -3.42";"infortuné";"6.449211e-02"
" 0";" 15";" 0.00";" -3.42";"funeste";"6.449211e-02"
" 0";" 15";" 0.00";" -3.42";"espagnol";"6.449211e-02"
" 0";" 15";" 0.00";" -3.42";"prêtre";"6.449211e-02"
" 0";" 15";" 0.00";" -3.42";"cendre";"6.449211e-02"
" 0";" 15";" 0.00";" -3.42";"soumettre";"6.449211e-02"
" 0";" 15";" 0.00";" -3.42";"bonté";"6.449211e-02"
" 1";" 24";" 4.17";" -3.29";"cacher";"6.965148e-02"
" 1";" 24";" 4.17";" -3.29";"sacré";"6.965148e-02"
" 3";" 40";" 7.50";" -3.25";"vaisseau";"7.154704e-02"
" 3";" 40";" 7.50";" -3.25";"trône";"7.154704e-02"
" 2";" 32";" 6.25";" -3.21";"objet";"7.304674e-02"
" 0";" 14";" 0.00";" -3.19";"mère";"7.414562e-02"
" 0";" 14";" 0.00";" -3.19";"verser";"7.414562e-02"
" 0";" 14";" 0.00";" -3.19";"fuir";"7.414562e-02"
" 0";" 14";" 0.00";" -3.19";"mêler";"7.414562e-02"
" 0";" 14";" 0.00";" -3.19";"globe";"7.414562e-02"
" 0";" 14";" 0.00";" -3.19";"séparer";"7.414562e-02"
" 0";" 14";" 0.00";" -3.19";"sagesse";"7.414562e-02"
" 4";" 47";" 8.51";" -3.15";"connaître";"7.575986e-02"
" 1";" 23";" 4.35";" -3.07";"faible";"7.958163e-02"
" 1";" 23";" 4.35";" -3.07";"sein";"7.958163e-02"
" 1";" 23";" 4.35";" -3.07";"libre";"7.958163e-02"
" 3";" 39";" 7.69";" -3.05";"bonheur";"8.050498e-02"
" 3";" 39";" 7.69";" -3.05";"souverain";"8.050498e-02"
" 2";" 31";" 6.45";" -3.01";"amour";"8.276948e-02"
" 2";" 31";" 6.45";" -3.01";"exemple";"8.276948e-02"
" 0";" 13";" 0.00";" -2.96";"crime";"8.535802e-02"
" 0";" 13";" 0.00";" -2.96";"apporter";"8.535802e-02"
" 0";" 13";" 0.00";" -2.96";"fureur";"8.535802e-02"
" 0";" 13";" 0.00";" -2.96";"constantinople";"8.535802e-02"
" 0";" 13";" 0.00";" -2.96";"puissance";"8.535802e-02"
" 0";" 13";" 0.00";" -2.96";"pain";"8.535802e-02"
" 0";" 13";" 0.00";" -2.96";"postérité";"8.535802e-02"
" 1";" 22";" 4.55";" -2.86";"cause";"9.098180e-02"
" 1";" 22";" 4.55";" -2.86";"commun";"9.098180e-02"
" 1";" 22";" 4.55";" -2.86";"écrivain";"9.098180e-02"
" 1";" 22";" 4.55";" -2.86";"seulement";"9.098180e-02"
" 1";" 22";" 4.55";" -2.86";"physique";"9.098180e-02"
" 1";" 22";" 4.55";" -2.86";"horreur";"9.098180e-02"
" 1";" 22";" 4.55";" -2.86";"dévorer";"9.098180e-02"
" 2";" 30";" 6.67";" -2.81";"joie";"9.378912e-02"
" 2";" 30";" 6.67";" -2.81";"conserver";"9.378912e-02"
" 6";" 59";"10.17";" -2.76";"heureux";"9.646646e-02"
" 0";" 12";" 0.00";" -2.73";"baron";"9.841584e-02"
" 0";" 12";" 0.00";" -2.73";"courir";"9.841584e-02"
" 0";" 12";" 0.00";" -2.73";"détruire";"9.841584e-02"
" 0";" 12";" 0.00";" -2.73";"commencer";"9.841584e-02"
" 0";" 12";" 0.00";" -2.73";"souffrir";"9.841584e-02"
" 0";" 12";" 0.00";" -2.73";"fer";"9.841584e-02"
" 0";" 12";" 0.00";" -2.73";"coucher";"9.841584e-02"
" 0";" 12";" 0.00";" -2.73";"élancer";"9.841584e-02"
" 0";" 12";" 0.00";" -2.73";"baiser";"9.841584e-02"
" 0";" 12";" 0.00";" -2.73";"pococurante";"9.841584e-02"
" 0";" 12";" 0.00";" -2.73";"piastre";"9.841584e-02"
" 0";" 12";" 0.00";" -2.73";"intelligence";"9.841584e-02"
" 0";" 12";" 0.00";" -2.73";"terme";"9.841584e-02"
" 0";" 12";" 0.00";" -2.73";"pitié";"9.841584e-02"
" 0";" 12";" 0.00";" -2.73";"opinion";"9.841584e-02"
" 0";" 12";" 0.00";" -2.73";"tyrannie";"9.841584e-02"
" 0";" 12";" 0.00";" -2.73";"réduire";"9.841584e-02"
" 1";" 21";" 4.76";" -2.64";"jésuite";"1.040828e-01"
" 1";" 21";" 4.76";" -2.64";"traiter";"1.040828e-01"
" 1";" 21";" 4.76";" -2.64";"crier";"1.040828e-01"
" 1";" 21";" 4.76";" -2.64";"craindre";"1.040828e-01"
" 1";" 21";" 4.76";" -2.64";"adorer";"1.040828e-01"
" 1";" 21";" 4.76";" -2.64";"principe";"1.040828e-01"
" 1";" 21";" 4.76";" -2.64";"courage";"1.040828e-01"
" 2";" 29";" 6.90";" -2.61";"mourir";"1.062786e-01"
" 5";" 51";" 9.80";" -2.59";"nouveau";"1.072060e-01"
" 0";" 11";" 0.00";" -2.50";"salutaire";"1.136705e-01"
" 0";" 11";" 0.00";" -2.50";"patron";"1.136705e-01"
" 0";" 11";" 0.00";" -2.50";"préjugé";"1.136705e-01"
" 0";" 11";" 0.00";" -2.50";"nourrir";"1.136705e-01"
" 0";" 11";" 0.00";" -2.50";"guérir";"1.136705e-01"
" 0";" 11";" 0.00";" -2.50";"ennemi";"1.136705e-01"
" 0";" 11";" 0.00";" -2.50";"trésor";"1.136705e-01"
" 0";" 11";" 0.00";" -2.50";"retrouver";"1.136705e-01"
" 0";" 11";" 0.00";" -2.50";"marchand";"1.136705e-01"
" 0";" 11";" 0.00";" -2.50";"plaindre";"1.136705e-01"
" 0";" 11";" 0.00";" -2.50";"italie";"1.136705e-01"
" 0";" 11";" 0.00";" -2.50";"disposer";"1.136705e-01"
" 0";" 11";" 0.00";" -2.50";"répliquer";"1.136705e-01"
" 0";" 11";" 0.00";" -2.50";"eldorado";"1.136705e-01"
" 0";" 11";" 0.00";" -2.50";"distinguer";"1.136705e-01"
" 0";" 11";" 0.00";" -2.50";"convenir";"1.136705e-01"
" 0";" 11";" 0.00";" -2.50";"passager";"1.136705e-01"
" 0";" 11";" 0.00";" -2.50";"difficile";"1.136705e-01"
" 0";" 11";" 0.00";" -2.50";"transport";"1.136705e-01"
" 0";" 11";" 0.00";" -2.50";"fier";"1.136705e-01"
" 0";" 11";" 0.00";" -2.50";"demeure";"1.136705e-01"
" 0";" 11";" 0.00";" -2.50";"clémence";"1.136705e-01"
"13";"103";"12.62";" -2.44";"mettre";"1.184231e-01"
" 1";" 20";" 5.00";" -2.43";"voisin";"1.191551e-01"
" 1";" 20";" 5.00";" -2.43";"horrible";"1.191551e-01"
" 1";" 20";" 5.00";" -2.43";"continuer";"1.191551e-01"
" 2";" 28";" 7.14";" -2.41";"droit";"1.204339e-01"
" 7";" 63";"11.11";" -2.32";"entendre";"1.275156e-01"
" 9";" 76";"11.84";" -2.28";"terre";"1.306508e-01"
" 0";" 10";" 0.00";" -2.27";"envoyer";"1.315580e-01"
" 0";" 10";" 0.00";" -2.27";"enseigner";"1.315580e-01"
" 0";" 10";" 0.00";" -2.27";"empereur";"1.315580e-01"
" 0";" 10";" 0.00";" -2.27";"ajouter";"1.315580e-01"
" 0";" 10";" 0.00";" -2.27";"allumer";"1.315580e-01"
" 0";" 10";" 0.00";" -2.27";"espérer";"1.315580e-01"
" 0";" 10";" 0.00";" -2.27";"arracher";"1.315580e-01"
" 0";" 10";" 0.00";" -2.27";"terreur";"1.315580e-01"
" 0";" 10";" 0.00";" -2.27";"révérend";"1.315580e-01"
" 0";" 10";" 0.00";" -2.27";"estimer";"1.315580e-01"
" 0";" 10";" 0.00";" -2.27";"embarquer";"1.315580e-01"
" 0";" 10";" 0.00";" -2.27";"disparaître";"1.315580e-01"
" 0";" 10";" 0.00";" -2.27";"système";"1.315580e-01"
" 0";" 10";" 0.00";" -2.27";"domestique";"1.315580e-01"
" 0";" 10";" 0.00";" -2.27";"remercier";"1.315580e-01"
" 0";" 10";" 0.00";" -2.27";"poison";"1.315580e-01"
" 0";" 10";" 0.00";" -2.27";"ordonner";"1.315580e-01"
" 0";" 10";" 0.00";" -2.27";"veille";"1.315580e-01"
" 0";" 10";" 0.00";" -2.27";"révolution";"1.315580e-01"
" 0";" 10";" 0.00";" -2.27";"périgourdin";"1.315580e-01"
" 0";" 10";" 0.00";" -2.27";"posséder";"1.315580e-01"
" 0";" 10";" 0.00";" -2.27";"industrie";"1.315580e-01"
" 0";" 10";" 0.00";" -2.27";"goûter";"1.315580e-01"
" 0";" 10";" 0.00";" -2.27";"désespoir";"1.315580e-01"
" 0";" 10";" 0.00";" -2.27";"délivrer";"1.315580e-01"
" 0";" 10";" 0.00";" -2.27";"anabaptiste";"1.315580e-01"
" 0";" 10";" 0.00";" -2.27";"tendresse";"1.315580e-01"
" 0";" 10";" 0.00";" -2.27";"personnage";"1.315580e-01"
" 0";" 10";" 0.00";" -2.27";"honorable";"1.315580e-01"
" 0";" 10";" 0.00";" -2.27";"engager";"1.315580e-01"
" 0";" 10";" 0.00";" -2.27";"confier";"1.315580e-01"
"15";"114";"13.16";" -2.24";"jour";"1.348227e-01"
" 2";" 27";" 7.41";" -2.22";"présent";"1.364763e-01"
" 2";" 27";" 7.41";" -2.22";"caractère";"1.364763e-01"
" 2";" 27";" 7.41";" -2.22";"écouter";"1.364763e-01"
" 1";" 19";" 5.26";" -2.22";"barbare";"1.365165e-01"
" 1";" 19";" 5.26";" -2.22";"honnête";"1.365165e-01"
" 1";" 19";" 5.26";" -2.22";"perfection";"1.365165e-01"
" 1";" 19";" 5.26";" -2.22";"créateur";"1.365165e-01"
"14";"107";"13.08";" -2.15";"monde";"1.424600e-01"
" 0";"  9";" 0.00";" -2.05";"anglais";"1.526271e-01"
" 0";"  9";" 0.00";" -2.05";"inquisiteur";"1.526271e-01"
" 0";"  9";" 0.00";" -2.05";"capitaine";"1.526271e-01"
" 0";"  9";" 0.00";" -2.05";"misère";"1.526271e-01"
" 0";"  9";" 0.00";" -2.05";"bel";"1.526271e-01"
" 0";"  9";" 0.00";" -2.05";"flatter";"1.526271e-01"
" 0";"  9";" 0.00";" -2.05";"recueillir";"1.526271e-01"
" 0";"  9";" 0.00";" -2.05";"obtenir";"1.526271e-01"
" 0";"  9";" 0.00";" -2.05";"finir";"1.526271e-01"
" 0";"  9";" 0.00";" -2.05";"cadavre";"1.526271e-01"
" 0";"  9";" 0.00";" -2.05";"quoiqu";"1.526271e-01"
" 0";"  9";" 0.00";" -2.05";"moine";"1.526271e-01"
" 0";"  9";" 0.00";" -2.05";"hollandais";"1.526271e-01"
" 0";"  9";" 0.00";" -2.05";"genou";"1.526271e-01"
" 0";"  9";" 0.00";" -2.05";"esclavage";"1.526271e-01"
" 0";"  9";" 0.00";" -2.05";"déterminer";"1.526271e-01"
" 0";"  9";" 0.00";" -2.05";"conter";"1.526271e-01"
" 0";"  9";" 0.00";" -2.05";"accabler";"1.526271e-01"
" 0";"  9";" 0.00";" -2.05";"souffle";"1.526271e-01"
" 0";"  9";" 0.00";" -2.05";"qualité";"1.526271e-01"
" 0";"  9";" 0.00";" -2.05";"port";"1.526271e-01"
" 0";"  9";" 0.00";" -2.05";"marquis";"1.526271e-01"
" 0";"  9";" 0.00";" -2.05";"effroi";"1.526271e-01"
" 0";"  9";" 0.00";" -2.05";"confiance";"1.526271e-01"
" 0";"  9";" 0.00";" -2.05";"bénir";"1.526271e-01"
" 0";"  9";" 0.00";" -2.05";"attendrir";"1.526271e-01"
" 0";"  9";" 0.00";" -2.05";"affliger";"1.526271e-01"
" 0";"  9";" 0.00";" -2.05";"aborder";"1.526271e-01"
" 0";"  9";" 0.00";" -2.05";"sceptre";"1.526271e-01"
" 0";"  9";" 0.00";" -2.05";"réconnaissance";"1.526271e-01"
" 0";"  9";" 0.00";" -2.05";"ressort";"1.526271e-01"
" 0";"  9";" 0.00";" -2.05";"pasteur";"1.526271e-01"
" 0";"  9";" 0.00";" -2.05";"giroflée";"1.526271e-01"
" 0";"  9";" 0.00";" -2.05";"corrompre";"1.526271e-01"
" 0";"  9";" 0.00";" -2.05";"chérir";"1.526271e-01"
" 7";" 61";"11.48";" -2.03";"voix";"1.542357e-01"
" 2";" 26";" 7.69";" -2.03";"histoire";"1.546565e-01"
" 2";" 26";" 7.69";" -2.03";"avouer";"1.546565e-01"
" 1";" 18";" 5.56";" -2.01";"sang";"1.565417e-01"
" 1";" 18";" 5.56";" -2.01";"pleurer";"1.565417e-01"
" 1";" 18";" 5.56";" -2.01";"présence";"1.565417e-01"
" 1";" 18";" 5.56";" -2.01";"inspirer";"1.565417e-01"
" 1";" 18";" 5.56";" -2.01";"gagner";"1.565417e-01"
"*****";"*";"*";"*";"*";"*"
" 19";" 216";" 8.80";"-14.69";"elle";"0.0001267774"
" 25";" 223";"11.21";" -8.56";"sa";"0.0034287803"
"  1";"  47";" 2.13";" -8.49";"mal";"0.0035639928"
" 48";" 362";"13.26";" -7.63";"son";"0.0057514203"
" 16";" 147";"10.88";" -5.96";"même";"0.0145943451"
"167";"1023";"16.32";" -5.29";"et";"0.0214537090"
"  3";"  48";" 6.25";" -4.85";"voilà";"0.0276243749"
"  5";"  59";" 8.47";" -4.01";"comment";"0.0453070092"
"  0";"  17";" 0.00";" -3.88";"partout";"0.0489584461"
" 43";" 300";"14.33";" -3.87";"lui";"0.0491610024"
" 57";" 383";"14.88";" -3.86";"nous";"0.0494179308"
"  3";"  43";" 6.98";" -3.84";"t";"0.0501493421"
" 38";" 266";"14.29";" -3.46";"pouvoir";"0.0629792803"
"  1";"  24";" 4.17";" -3.29";"ailleurs";"0.0696514758"
"157";" 942";"16.67";" -3.26";"il";"0.0710249046"
" 13";" 107";"12.15";" -2.96";"nos";"0.0851848158"
"  1";"  22";" 4.55";" -2.86";"hélas";"0.0909817952"
"  0";"  12";" 0.00";" -2.73";"toi";"0.0984158403"
"  2";"  28";" 7.14";" -2.41";"tu";"0.1204338663"
" 33";" 224";"14.73";" -2.28";"tous";"0.1310776170"
" 14";" 108";"12.96";" -2.27";"vouloir";"0.1318074730"
"  5";"  49";"10.20";" -2.27";"chez";"0.1322158298"
"  0";"  10";" 0.00";" -2.27";"ci";"0.1315579980"
"  8";"  68";"11.76";" -2.09";"après";"0.1487137124"
"  7";"  61";"11.48";" -2.03";"eux";"0.1542356960"
"  1";"  18";" 5.56";" -2.01";"peut_être";"0.1565417180"
"*";"*";"*";"*";"*";"*"
"57";"713";" 7.99";"-72.76";"*Candide";"1.465986e-17"
"16";"130";"12.31";" -3.46";"chaumière";"6.304765e-02"
"16";"130";"12.31";" -3.46";"indienne";"6.304765e-02"
"16";"130";"12.31";" -3.46";"*La";"6.304765e-02"
"**";"classe";"5";"**";"";""
"****";"565";"2491";"22.68";"****";""
" 4";"285";" 1.40";"-83.09";"candide";"7.859442e-20"
" 0";" 91";" 0.00";"-27.71";"cunégonde";"1.411206e-07"
" 2";" 90";" 2.22";"-22.29";"martin";"2.347762e-06"
" 0";" 68";" 0.00";"-20.51";"pangloss";"5.938535e-06"
" 8";"110";" 7.27";"-15.58";"trouver";"7.904612e-05"
" 3";" 72";" 4.17";"-14.49";"cacambo";"1.406773e-04"
" 1";" 52";" 1.92";"-13.05";"vieux";"3.033202e-04"
" 1";" 51";" 1.96";"-12.75";"livre";"3.565539e-04"
" 2";" 57";" 3.51";"-12.23";"gens";"4.708467e-04"
"14";"134";"10.45";"-12.09";"aller";"5.079546e-04"
" 5";" 73";" 6.85";"-10.75";"chose";"1.043286e-03"
" 0";" 35";" 0.00";"-10.41";"mademoiselle";"1.250830e-03"
" 1";" 41";" 2.44";" -9.74";"ancien";"1.802808e-03"
" 3";" 53";" 5.66";" -8.95";"demander";"2.780340e-03"
"11";"103";"10.68";" -8.83";"mettre";"2.970819e-03"
" 6";" 70";" 8.57";" -8.18";"loi";"4.242768e-03"
" 0";" 27";" 0.00";" -8.01";"pari";"4.658780e-03"
" 0";" 26";" 0.00";" -7.71";"lettre";"5.498711e-03"
" 0";" 26";" 0.00";" -7.71";"abbé";"5.498711e-03"
" 0";" 26";" 0.00";" -7.71";"diamant";"5.498711e-03"
" 0";" 25";" 0.00";" -7.41";"mouton";"6.492717e-03"
" 3";" 47";" 6.38";" -7.26";"penser";"7.065107e-03"
" 3";" 47";" 6.38";" -7.26";"connaître";"7.065107e-03"
" 0";" 24";" 0.00";" -7.11";"mener";"7.669825e-03"
" 0";" 24";" 0.00";" -7.11";"venise";"7.669825e-03"
" 5";" 59";" 8.47";" -6.96";"raison";"8.357238e-03"
" 0";" 23";" 0.00";" -6.81";"académie";"9.064760e-03"
" 4";" 52";" 7.69";" -6.80";"servir";"9.094664e-03"
" 1";" 31";" 3.23";" -6.78";"manger";"9.241598e-03"
" 1";" 31";" 3.23";" -6.78";"palais";"9.241598e-03"
" 1";" 31";" 3.23";" -6.78";"exemple";"9.241598e-03"
" 1";" 30";" 3.33";" -6.48";"payer";"1.089690e-02"
" 0";" 21";" 0.00";" -6.21";"jésuite";"1.268290e-02"
" 0";" 21";" 0.00";" -6.21";"garder";"1.268290e-02"
" 1";" 29";" 3.45";" -6.19";"fille";"1.285291e-02"
" 3";" 43";" 6.98";" -6.15";"particulier";"1.311290e-02"
" 8";" 74";"10.81";" -6.13";"siècle";"1.330404e-02"
" 0";" 20";" 0.00";" -5.91";"savant";"1.501617e-02"
" 0";" 20";" 0.00";" -5.91";"mer";"1.501617e-02"
" 0";" 20";" 0.00";" -5.91";"extrême";"1.501617e-02"
" 0";" 20";" 0.00";" -5.91";"théâtre";"1.501617e-02"
" 1";" 28";" 3.57";" -5.90";"droit";"1.516546e-02"
" 1";" 28";" 3.57";" -5.90";"royaume";"1.516546e-02"
" 0";" 19";" 0.00";" -5.62";"matière";"1.779145e-02"
" 0";" 19";" 0.00";" -5.62";"affaire";"1.779145e-02"
" 0";" 19";" 0.00";" -5.62";"nécessaire";"1.779145e-02"
" 1";" 27";" 3.70";" -5.61";"revenir";"1.790105e-02"
" 1";" 27";" 3.70";" -5.61";"manière";"1.790105e-02"
" 2";" 34";" 5.88";" -5.55";"vivre";"1.851044e-02"
" 2";" 34";" 5.88";" -5.55";"table";"1.851044e-02"
" 5";" 53";" 9.43";" -5.42";"pays";"1.991593e-02"
" 3";" 40";" 7.50";" -5.34";"vaisseau";"2.080767e-02"
" 0";" 18";" 0.00";" -5.32";"usage";"2.109644e-02"
" 1";" 26";" 3.85";" -5.32";"intérêt";"2.113904e-02"
" 0";" 18";" 0.00";" -5.32";"commerce";"2.109644e-02"
" 4";" 46";" 8.70";" -5.23";"ouvrage";"2.223423e-02"
"24";"156";"15.38";" -5.05";"donner";"2.458364e-02"
" 1";" 25";" 4.00";" -5.03";"orgueil";"2.497425e-02"
" 0";" 17";" 0.00";" -5.02";"vendre";"2.503754e-02"
" 0";" 17";" 0.00";" -5.02";"nouvelle";"2.503754e-02"
" 2";" 32";" 6.25";" -4.99";"année";"2.548238e-02"
" 2";" 32";" 6.25";" -4.99";"mériter";"2.548238e-02"
" 6";" 57";"10.53";" -4.91";"étranger";"2.662772e-02"
" 1";" 24";" 4.17";" -4.74";"juger";"2.952013e-02"
" 2";" 31";" 6.45";" -4.72";"meilleur";"2.990046e-02"
" 0";" 16";" 0.00";" -4.72";"forme";"2.974433e-02"
" 0";" 16";" 0.00";" -4.72";"assurer";"2.974433e-02"
" 0";" 16";" 0.00";" -4.72";"suite";"2.974433e-02"
" 0";" 16";" 0.00";" -4.72";"france";"2.974433e-02"
" 0";" 16";" 0.00";" -4.72";"raisonner";"2.974433e-02"
" 0";" 16";" 0.00";" -4.72";"couronner";"2.974433e-02"
" 0";" 16";" 0.00";" -4.72";"paqueter";"2.974433e-02"
" 9";" 73";"12.33";" -4.60";"public";"3.204151e-02"
"10";" 78";"12.82";" -4.46";"passer";"3.459888e-02"
" 1";" 23";" 4.35";" -4.45";"goût";"3.491268e-02"
" 0";" 15";" 0.00";" -4.43";"français";"3.537527e-02"
" 0";" 15";" 0.00";" -4.43";"espagnol";"3.537527e-02"
" 0";" 15";" 0.00";" -4.43";"retourner";"3.537527e-02"
" 0";" 15";" 0.00";" -4.43";"valet";"3.537527e-02"
" 0";" 15";" 0.00";" -4.43";"fidèle";"3.537527e-02"
" 8";" 66";"12.12";" -4.31";"chapitre";"3.785901e-02"
" 2";" 29";" 6.90";" -4.17";"sage";"4.117259e-02"
" 1";" 22";" 4.55";" -4.16";"souper";"4.131518e-02"
" 1";" 22";" 4.55";" -4.16";"manquer";"4.131518e-02"
" 0";" 14";" 0.00";" -4.13";"europe";"4.212512e-02"
" 0";" 14";" 0.00";" -4.13";"prouver";"4.212512e-02"
" 0";" 14";" 0.00";" -4.13";"françois";"4.212512e-02"
" 0";" 14";" 0.00";" -4.13";"achever";"4.212512e-02"
" 0";" 14";" 0.00";" -4.13";"aise";"4.212512e-02"
" 0";" 14";" 0.00";" -4.13";"réunir";"4.212512e-02"
" 5";" 47";"10.64";" -3.96";"nom";"4.653997e-02"
" 1";" 21";" 4.76";" -3.88";"bas";"4.892415e-02"
" 1";" 21";" 4.76";" -3.88";"bout";"4.892415e-02"
" 0";" 13";" 0.00";" -3.83";"commettre";"5.023462e-02"
" 0";" 13";" 0.00";" -3.83";"apporter";"5.023462e-02"
" 0";" 13";" 0.00";" -3.83";"bâtir";"5.023462e-02"
" 0";" 13";" 0.00";" -3.83";"différent";"5.023462e-02"
" 0";" 13";" 0.00";" -3.83";"proposer";"5.023462e-02"
" 0";" 13";" 0.00";" -3.83";"rassembler";"5.023462e-02"
" 0";" 13";" 0.00";" -3.83";"constantinople";"5.023462e-02"
" 0";" 13";" 0.00";" -3.83";"avantage";"5.023462e-02"
" 0";" 13";" 0.00";" -3.83";"expérience";"5.023462e-02"
" 5";" 46";"10.87";" -3.73";"entrer";"5.348738e-02"
" 2";" 27";" 7.41";" -3.63";"moyen";"5.670337e-02"
" 1";" 20";" 5.00";" -3.59";"empire";"5.797655e-02"
" 1";" 20";" 5.00";" -3.59";"véritable";"5.797655e-02"
" 0";" 12";" 0.00";" -3.54";"baron";"6.000344e-02"
" 0";" 12";" 0.00";" -3.54";"chemin";"6.000344e-02"
" 0";" 12";" 0.00";" -3.54";"détruire";"6.000344e-02"
" 0";" 12";" 0.00";" -3.54";"pococurante";"6.000344e-02"
" 0";" 12";" 0.00";" -3.54";"piastre";"6.000344e-02"
" 0";" 12";" 0.00";" -3.54";"terme";"6.000344e-02"
" 0";" 12";" 0.00";" -3.54";"louis";"6.000344e-02"
" 0";" 12";" 0.00";" -3.54";"traverser";"6.000344e-02"
" 3";" 33";" 9.09";" -3.52";"vrai";"6.054579e-02"
" 4";" 39";"10.26";" -3.49";"souverain";"6.181704e-02"
"17";"110";"15.45";" -3.43";"beau";"6.411866e-02"
" 2";" 26";" 7.69";" -3.37";"histoire";"6.654760e-02"
" 2";" 26";" 7.69";" -3.37";"connaissance";"6.654760e-02"
" 1";" 19";" 5.26";" -3.31";"province";"6.875897e-02"
" 1";" 19";" 5.26";" -3.31";"morale";"6.875897e-02"
" 1";" 19";" 5.26";" -3.31";"honnête";"6.875897e-02"
" 1";" 19";" 5.26";" -3.31";"aventure";"6.875897e-02"
" 4";" 38";"10.53";" -3.25";"espèce";"7.137350e-02"
" 4";" 38";"10.53";" -3.25";"suivre";"7.137350e-02"
" 0";" 11";" 0.00";" -3.24";"fortune";"7.180768e-02"
" 0";" 11";" 0.00";" -3.24";"fameux";"7.180768e-02"
" 0";" 11";" 0.00";" -3.24";"angleterre";"7.180768e-02"
" 0";" 11";" 0.00";" -3.24";"honte";"7.180768e-02"
" 0";" 11";" 0.00";" -3.24";"flambeau";"7.180768e-02"
" 0";" 11";" 0.00";" -3.24";"faux";"7.180768e-02"
" 0";" 11";" 0.00";" -3.24";"patron";"7.180768e-02"
" 0";" 11";" 0.00";" -3.24";"préjugé";"7.180768e-02"
" 0";" 11";" 0.00";" -3.24";"bord";"7.180768e-02"
" 0";" 11";" 0.00";" -3.24";"marchand";"7.180768e-02"
" 0";" 11";" 0.00";" -3.24";"abus";"7.180768e-02"
" 0";" 11";" 0.00";" -3.24";"cabaret";"7.180768e-02"
" 2";" 25";" 8.00";" -3.10";"science";"7.810305e-02"
" 5";" 43";"11.63";" -3.05";"laisser";"8.080954e-02"
" 1";" 18";" 5.56";" -3.03";"toucher";"8.161889e-02"
" 1";" 18";" 5.56";" -3.03";"changer";"8.161889e-02"
" 1";" 18";" 5.56";" -3.03";"gagner";"8.161889e-02"
" 1";" 18";" 5.56";" -3.03";"maladie";"8.161889e-02"
" 1";" 18";" 5.56";" -3.03";"dîner";"8.161889e-02"
" 0";" 10";" 0.00";" -2.95";"envoyer";"8.612424e-02"
" 0";" 10";" 0.00";" -2.95";"mois";"8.612424e-02"
" 0";" 10";" 0.00";" -2.95";"vil";"8.612424e-02"
" 0";" 10";" 0.00";" -2.95";"punir";"8.612424e-02"
" 0";" 10";" 0.00";" -2.95";"marché";"8.612424e-02"
" 0";" 10";" 0.00";" -2.95";"empêcher";"8.612424e-02"
" 0";" 10";" 0.00";" -2.95";"révérend";"8.612424e-02"
" 0";" 10";" 0.00";" -2.95";"appartement";"8.612424e-02"
" 0";" 10";" 0.00";" -2.95";"turc";"8.612424e-02"
" 0";" 10";" 0.00";" -2.95";"tribut";"8.612424e-02"
" 0";" 10";" 0.00";" -2.95";"dormir";"8.612424e-02"
" 0";" 10";" 0.00";" -2.95";"rival";"8.612424e-02"
" 0";" 10";" 0.00";" -2.95";"ordonner";"8.612424e-02"
" 0";" 10";" 0.00";" -2.95";"st";"8.612424e-02"
" 0";" 10";" 0.00";" -2.95";"périgourdin";"8.612424e-02"
" 0";" 10";" 0.00";" -2.95";"anabaptiste";"8.612424e-02"
" 0";" 10";" 0.00";" -2.95";"examiner";"8.612424e-02"
" 2";" 24";" 8.33";" -2.84";"philosophe";"9.166666e-02"
" 5";" 42";"11.90";" -2.83";"simple";"9.256432e-02"
" 9";" 64";"14.06";" -2.78";"rester";"9.529139e-02"
" 3";" 30";"10.00";" -2.78";"général";"9.516871e-02"
" 1";" 17";" 5.88";" -2.75";"mauvais";"9.697908e-02"
" 1";" 17";" 5.88";" -2.75";"effort";"9.697908e-02"
" 1";" 17";" 5.88";" -2.75";"richesse";"9.697908e-02"
" 6";" 47";"12.77";" -2.69";"citoyen";"1.012519e-01"
" 0";"  9";" 0.00";" -2.65";"inquisiteur";"1.035655e-01"
" 0";"  9";" 0.00";" -2.65";"couper";"1.035655e-01"
" 0";"  9";" 0.00";" -2.65";"expliquer";"1.035655e-01"
" 0";"  9";" 0.00";" -2.65";"passage";"1.035655e-01"
" 0";"  9";" 0.00";" -2.65";"officier";"1.035655e-01"
" 0";"  9";" 0.00";" -2.65";"frais";"1.035655e-01"
" 0";"  9";" 0.00";" -2.65";"quoiqu";"1.035655e-01"
" 0";"  9";" 0.00";" -2.65";"hollandais";"1.035655e-01"
" 0";"  9";" 0.00";" -2.65";"déterminer";"1.035655e-01"
" 0";"  9";" 0.00";" -2.65";"défaut";"1.035655e-01"
" 0";"  9";" 0.00";" -2.65";"décider";"1.035655e-01"
" 0";"  9";" 0.00";" -2.65";"conter";"1.035655e-01"
" 0";"  9";" 0.00";" -2.65";"charmant";"1.035655e-01"
" 0";"  9";" 0.00";" -2.65";"avilir";"1.035655e-01"
" 0";"  9";" 0.00";" -2.65";"subsister";"1.035655e-01"
" 0";"  9";" 0.00";" -2.65";"muraille";"1.035655e-01"
" 0";"  9";" 0.00";" -2.65";"jacques";"1.035655e-01"
" 0";"  9";" 0.00";" -2.65";"fournir";"1.035655e-01"
" 0";"  9";" 0.00";" -2.65";"aborder";"1.035655e-01"
" 0";"  9";" 0.00";" -2.65";"suffisant";"1.035655e-01"
" 0";"  9";" 0.00";" -2.65";"production";"1.035655e-01"
" 0";"  9";" 0.00";" -2.65";"intéressant";"1.035655e-01"
" 0";"  9";" 0.00";" -2.65";"grave";"1.035655e-01"
" 0";"  9";" 0.00";" -2.65";"giroflée";"1.035655e-01"
" 0";"  9";" 0.00";" -2.65";"corrompre";"1.035655e-01"
" 2";" 23";" 8.70";" -2.59";"valoir";"1.075863e-01"
" 2";" 23";" 8.70";" -2.59";"rire";"1.075863e-01"
" 3";" 29";"10.34";" -2.55";"justice";"1.105431e-01"
" 1";" 16";" 6.25";" -2.48";"curieux";"1.153558e-01"
" 1";" 16";" 6.25";" -2.48";"voyage";"1.153558e-01"
" 5";" 40";"12.50";" -2.40";"présenter";"1.210959e-01"
" 7";" 51";"13.73";" -2.38";"nouveau";"1.227838e-01"
" 0";"  8";" 0.00";" -2.35";"médecin";"1.249304e-01"
" 0";"  8";" 0.00";" -2.35";"vin";"1.249304e-01"
" 0";"  8";" 0.00";" -2.35";"rome";"1.249304e-01"
" 0";"  8";" 0.00";" -2.35";"acheter";"1.249304e-01"
" 0";"  8";" 0.00";" -2.35";"également";"1.249304e-01"
" 0";"  8";" 0.00";" -2.35";"faute";"1.249304e-01"
" 0";"  8";" 0.00";" -2.35";"métier";"1.249304e-01"
" 0";"  8";" 0.00";" -2.35";"compter";"1.249304e-01"
" 0";"  8";" 0.00";" -2.35";"buenos";"1.249304e-01"
" 0";"  8";" 0.00";" -2.35";"ayres";"1.249304e-01"
" 0";"  8";" 0.00";" -2.35";"commandant";"1.249304e-01"
" 0";"  8";" 0.00";" -2.35";"volonté";"1.249304e-01"
" 0";"  8";" 0.00";" -2.35";"plante";"1.249304e-01"
" 0";"  8";" 0.00";" -2.35";"lieue";"1.249304e-01"
" 0";"  8";" 0.00";" -2.35";"excellent";"1.249304e-01"
" 0";"  8";" 0.00";" -2.35";"voyager";"1.249304e-01"
" 0";"  8";" 0.00";" -2.35";"ramasser";"1.249304e-01"
" 0";"  8";" 0.00";" -2.35";"procurer";"1.249304e-01"
" 0";"  8";" 0.00";" -2.35";"principal";"1.249304e-01"
" 0";"  8";" 0.00";" -2.35";"peser";"1.249304e-01"
" 0";"  8";" 0.00";" -2.35";"honteux";"1.249304e-01"
" 0";"  8";" 0.00";" -2.35";"grec";"1.249304e-01"
" 0";"  8";" 0.00";" -2.35";"galerie";"1.249304e-01"
" 0";"  8";" 0.00";" -2.35";"coûter";"1.249304e-01"
" 0";"  8";" 0.00";" -2.35";"consumer";"1.249304e-01"
" 0";"  8";" 0.00";" -2.35";"carnaval";"1.249304e-01"
" 0";"  8";" 0.00";" -2.35";"atteindre";"1.249304e-01"
" 0";"  8";" 0.00";" -2.35";"étrange";"1.249304e-01"
" 0";"  8";" 0.00";" -2.35";"visite";"1.249304e-01"
" 0";"  8";" 0.00";" -2.35";"sérieux";"1.249304e-01"
" 0";"  8";" 0.00";" -2.35";"mesure";"1.249304e-01"
" 0";"  8";" 0.00";" -2.35";"autorité";"1.249304e-01"
" 0";"  8";" 0.00";" -2.35";"tempérament";"1.249304e-01"
" 0";"  8";" 0.00";" -2.35";"peupler";"1.249304e-01"
" 0";"  8";" 0.00";" -2.35";"fauteuil";"1.249304e-01"
" 0";"  8";" 0.00";" -2.35";"deviner";"1.249304e-01"
" 0";"  8";" 0.00";" -2.35";"bordeaux";"1.249304e-01"
" 0";"  8";" 0.00";" -2.35";"attentif";"1.249304e-01"
" 4";" 34";"11.76";" -2.34";"partir";"1.258817e-01"
" 2";" 22";" 9.09";" -2.34";"parole";"1.262690e-01"
" 2";" 22";" 9.09";" -2.34";"cause";"1.262690e-01"
" 2";" 22";" 9.09";" -2.34";"part";"1.262690e-01"
" 2";" 22";" 9.09";" -2.34";"gouvernement";"1.262690e-01"
" 2";" 22";" 9.09";" -2.34";"conduire";"1.262690e-01"
"13";" 82";"15.85";" -2.25";"état";"1.332579e-01"
" 1";" 15";" 6.67";" -2.21";"docteur";"1.373820e-01"
" 1";" 15";" 6.67";" -2.21";"poète";"1.373820e-01"
" 1";" 15";" 6.67";" -2.21";"aussitôt";"1.373820e-01"
" 1";" 15";" 6.67";" -2.21";"considérer";"1.373820e-01"
" 1";" 15";" 6.67";" -2.21";"cabinet";"1.373820e-01"
" 1";" 15";" 6.67";" -2.21";"auprès_de";"1.373820e-01"
" 1";" 15";" 6.67";" -2.21";"attention";"1.373820e-01"
"17";"102";"16.67";" -2.19";"temps";"1.385340e-01"
" 4";" 33";"12.12";" -2.13";"vaste";"1.447491e-01"
" 6";" 44";"13.64";" -2.09";"prince";"1.482969e-01"
" 2";" 21";" 9.52";" -2.09";"gros";"1.481904e-01"
" 2";" 21";" 9.52";" -2.09";"sorte";"1.481904e-01"
" 2";" 21";" 9.52";" -2.09";"rang";"1.481904e-01"
" 3";" 27";"11.11";" -2.08";"honneur";"1.488734e-01"
" 3";" 27";"11.11";" -2.08";"partie";"1.488734e-01"
" 0";"  7";" 0.00";" -2.06";"arme";"1.512831e-01"
" 0";"  7";" 0.00";" -2.06";"jambe";"1.512831e-01"
" 0";"  7";" 0.00";" -2.06";"gouverneur";"1.512831e-01"
" 0";"  7";" 0.00";" -2.06";"colonne";"1.512831e-01"
" 0";"  7";" 0.00";" -2.06";"plat";"1.512831e-01"
" 0";"  7";" 0.00";" -2.06";"humeur";"1.512831e-01"
" 0";"  7";" 0.00";" -2.06";"sûr";"1.512831e-01"
" 0";"  7";" 0.00";" -2.06";"inviter";"1.512831e-01"
" 0";"  7";" 0.00";" -2.06";"facile";"1.512831e-01"
" 0";"  7";" 0.00";" -2.06";"exécuter";"1.512831e-01"
" 0";"  7";" 0.00";" -2.06";"vêtir";"1.512831e-01"
" 0";"  7";" 0.00";" -2.06";"singe";"1.512831e-01"
" 0";"  7";" 0.00";" -2.06";"respirer";"1.512831e-01"
" 0";"  7";" 0.00";" -2.06";"puéril";"1.512831e-01"
" 0";"  7";" 0.00";" -2.06";"dispute";"1.512831e-01"
" 0";"  7";" 0.00";" -2.06";"événement";"1.512831e-01"
" 0";"  7";" 0.00";" -2.06";"tribunal";"1.512831e-01"
" 0";"  7";" 0.00";" -2.06";"rivage";"1.512831e-01"
" 0";"  7";" 0.00";" -2.06";"pourvoir";"1.512831e-01"
" 0";"  7";" 0.00";" -2.06";"poliment";"1.512831e-01"
" 0";"  7";" 0.00";" -2.06";"lisbonne";"1.512831e-01"
" 0";"  7";" 0.00";" -2.06";"insolent";"1.512831e-01"
" 0";"  7";" 0.00";" -2.06";"extravagant";"1.512831e-01"
" 0";"  7";" 0.00";" -2.06";"excellence";"1.512831e-01"
" 0";"  7";" 0.00";" -2.06";"bataille";"1.512831e-01"
" 0";"  7";" 0.00";" -2.06";"assurément";"1.512831e-01"
" 0";"  7";" 0.00";" -2.06";"voltaire";"1.512831e-01"
" 0";"  7";" 0.00";" -2.06";"théatin";"1.512831e-01"
" 0";"  7";" 0.00";" -2.06";"situer";"1.512831e-01"
" 0";"  7";" 0.00";" -2.06";"portoient";"1.512831e-01"
" 0";"  7";" 0.00";" -2.06";"plan";"1.512831e-01"
" 0";"  7";" 0.00";" -2.06";"oreillon";"1.512831e-01"
" 0";"  7";" 0.00";" -2.06";"nécessairement";"1.512831e-01"
" 0";"  7";" 0.00";" -2.06";"législation";"1.512831e-01"
" 0";"  7";" 0.00";" -2.06";"hôtellerie";"1.512831e-01"
" 0";"  7";" 0.00";" -2.06";"convenable";"1.512831e-01"
" 0";"  7";" 0.00";" -2.06";"presse";"1.512831e-01"
" 0";"  7";" 0.00";" -2.06";"oraison";"1.512831e-01"
" 0";"  7";" 0.00";" -2.06";"opposé";"1.512831e-01"
" 0";"  7";" 0.00";" -2.06";"infiniment";"1.512831e-01"
" 0";"  7";" 0.00";" -2.06";"faste";"1.512831e-01"
" 0";"  7";" 0.00";" -2.06";"corriger";"1.512831e-01"
"17";"101";"16.83";" -2.05";"roi";"1.517848e-01"
"*****";"*";"*";"*";"*";"*"
" 56";" 464";"12.07";"-36.62";"dire";"1.434695e-09"
"229";"1211";"18.91";"-19.12";"avoir";"1.229549e-05"
"  1";"  52";" 1.92";"-13.05";"très";"3.033202e-04"
" 33";" 237";"13.92";"-11.45";"bien";"7.131572e-04"
" 58";" 366";"15.85";"-11.43";"mais";"7.234334e-04"
"  2";"  53";" 3.77";"-11.04";"cela";"8.918654e-04"
"  4";"  66";" 6.06";"-10.68";"donc";"1.083084e-03"
" 68";" 408";"16.67";"-10.07";"vous";"1.510309e-03"
"  2";"  49";" 4.08";" -9.86";"trois";"1.688760e-03"
"182";" 942";"19.32";" -9.76";"il";"1.785276e-03"
"  4";"  62";" 6.45";" -9.55";"monsieur";"1.999099e-03"
"  3";"  54";" 5.56";" -9.23";"mille";"2.378887e-03"
"106";" 582";"18.21";" -8.65";"on";"3.275640e-03"
"105";" 568";"18.49";" -7.39";"ce";"6.573785e-03"
" 14";" 114";"12.28";" -7.37";"votre";"6.633919e-03"
" 11";"  96";"11.46";" -7.17";"falloir";"7.406065e-03"
"  5";"  59";" 8.47";" -6.96";"comment";"8.357238e-03"
" 43";" 264";"16.29";" -6.88";"par";"8.699075e-03"
" 44";" 268";"16.42";" -6.72";"y";"9.541173e-03"
"206";"1023";"20.14";" -6.41";"et";"1.134645e-02"
" 67";" 379";"17.68";" -6.38";"pas";"1.153197e-02"
"  8";"  75";"10.67";" -6.37";"peu";"1.163652e-02"
"100";" 535";"18.69";" -6.19";"faire";"1.288152e-02"
"231";"1132";"20.41";" -6.13";"à";"1.332703e-02"
"216";"1065";"20.28";" -6.11";"ne";"1.344034e-02"
" 20";" 140";"14.29";" -5.96";"deux";"1.461307e-02"
"143";" 730";"19.59";" -5.63";"en";"1.763962e-02"
"  2";"  33";" 6.06";" -5.27";"cependant";"2.171800e-02"
"  6";"  56";"10.71";" -4.68";"ici";"3.054314e-02"
"130";" 661";"19.67";" -4.66";"qu";"3.083335e-02"
"344";"1609";"21.38";" -4.39";"être";"3.610647e-02"
" 10";"  77";"12.99";" -4.26";"quelques";"3.905964e-02"
"  1";"  22";" 4.55";" -4.16";"ensuite";"4.131518e-02"
"  0";"  13";" 0.00";" -3.83";"million";"5.023462e-02"
" 11";"  79";"13.92";" -3.57";"car";"5.889974e-02"
"  3";"  33";" 9.09";" -3.52";"or";"6.054579e-02"
" 10";"  73";"13.70";" -3.46";"fort";"6.285456e-02"
"  2";"  26";" 7.69";" -3.37";"longtemps";"6.654760e-02"
"  5";"  44";"11.36";" -3.27";"beaucoup";"7.048377e-02"
" 17";" 109";"15.60";" -3.26";"bon";"7.085824e-02"
"  0";"  11";" 0.00";" -3.24";"quelqu_un";"7.180768e-02"
" 23";" 139";"16.55";" -3.16";"ou";"7.548989e-02"
"  2";"  25";" 8.00";" -3.10";"quelquefois";"7.810305e-02"
"  3";"  31";" 9.68";" -3.03";"an";"8.188922e-02"
" 11";"  76";"14.47";" -3.01";"quand";"8.267521e-02"
"  0";"  10";" 0.00";" -2.95";"douze";"8.612424e-02"
"  0";"  10";" 0.00";" -2.95";"hors";"8.612424e-02"
"  0";"  10";" 0.00";" -2.95";"malgré";"8.612424e-02"
"  0";"  10";" 0.00";" -2.95";"ci";"8.612424e-02"
"  6";"  48";"12.50";" -2.89";"quoi";"8.895687e-02"
"  4";"  36";"11.11";" -2.79";"trop";"9.494143e-02"
"  3";"  30";"10.00";" -2.78";"ah";"9.516871e-02"
"  0";"   9";" 0.00";" -2.65";"madame";"1.035655e-01"
"  0";"   9";" 0.00";" -2.65";"cinquante";"1.035655e-01"
"  0";"   9";" 0.00";" -2.65";"autrefois";"1.035655e-01"
"  2";"  23";" 8.70";" -2.59";"quatre";"1.075863e-01"
" 14";"  89";"15.73";" -2.54";"moi";"1.107754e-01"
"  1";"  16";" 6.25";" -2.48";"aucune";"1.153558e-01"
" 22";" 128";"17.19";" -2.32";"autre";"1.275112e-01"
"  6";"  44";"13.64";" -2.09";"mieux";"1.482969e-01"
"  0";"   7";" 0.00";" -2.06";"selon";"1.512831e-01"
"  0";"   7";" 0.00";" -2.06";"sept";"1.512831e-01"
"  0";"   7";" 0.00";" -2.06";"quinze";"1.512831e-01"
"  0";"   7";" 0.00";" -2.06";"pourtant";"1.512831e-01"
"  7";"  49";"14.29";" -2.01";"ni";"1.563562e-01"
"*";"*";"*";"*";"*";"*"
"45";"713";" 6.31";"-152.65";"*Candide";"4.576219e-35"
"22";"130";"16.92";"  -2.59";"*VOYAGE";"1.072998e-01"
"22";"130";"16.92";"  -2.59";"DANS";"1.072998e-01"
"22";"130";"16.92";"  -2.59";"LES";"1.072998e-01"
"22";"130";"16.92";"  -2.59";"ESPACES.";"1.072998e-01"
