homme;84;89;54;48;81
voir;37;45;64;94;77
candide;1;4;271;5;4
grand;37;39;33;46;42
donner;26;56;34;16;24
aller;15;14;71;20;14
trouver;7;40;17;38;8
jour;12;29;23;15;35
mettre;26;22;31;13;11
oeil;16;14;18;34;49
beau;17;23;34;19;17
temps;16;41;13;15;17
venir;9;16;29;24;24
dieu;16;11;15;10;54
coeur;34;19;10;8;41
roi;44;9;24;7;17
monde;9;23;39;14;22
prendre;8;8;41;19;16
peuple;26;18;3;20;27
cunégonde;0;0;90;1;0
répondre;9;17;32;13;17
main;24;14;9;13;31
âme;29;16;4;4;51
parler;5;22;28;5;29
nature;25;28;2;7;30
vérité;9;39;2;4;30
rendre;26;10;11;7;31
martin;0;1;86;1;2
terre;11;5;22;9;29
passer;8;14;30;16;10
mort;12;8;5;7;16
état;43;8;12;6;13
vie;6;6;9;8;28
femme;8;7;6;7;24
petit;4;10;16;28;11
pangloss;1;1;66;0;0
docteur;0;5;8;1;1
ville;9;11;14;30;15
siècle;14;33;2;17;8
devenir;10;29;17;7;15
loi;41;16;0;7;6
chose;4;24;18;22;5
esprit;10;37;4;6;11
tête;17;4;3;26;14
premier;5;16;14;14;12
rester;10;7;18;20;9
public;20;19;1;24;9
porte;10;9;9;23;13
fois;17;7;5;8;16
livre;3;22;13;12;1
cacambo;0;0;69;0;3
seul;17;11;5;9;18
sentir;17;20;2;6;21
chapitre;6;9;25;18;8
gens;1;23;11;20;2
aimer;7;3;17;4;24
maître;3;6;37;6;12
vieux;0;2;46;3;1
pied;9;3;8;8;9
paraître;5;8;17;20;18
enfant;8;12;5;8;22
arriver;6;7;24;13;9
servir;14;16;11;7;4
père;7;5;16;3;16
perdre;7;5;17;2;24
entendre;2;5;19;7;30
sortir;4;9;11;14;17
idée;5;19;2;5;31
coup;9;5;3;15;8
voix;7;8;3;7;36
recevoir;10;5;14;7;16
demander;9;10;24;7;3
porter;14;9;5;7;18
nation;18;25;0;5;9
vertu;35;4;2;6;16
penser;6;25;8;5;3
humain;14;12;0;3;18
heureux;12;10;10;6;21
art;19;27;0;5;11
peine;3;16;11;20;11
lieu;2;12;4;16;18
raison;11;28;15;0;5
pays;5;12;27;4;5
tomber;11;6;9;1;24
présenter;4;11;8;12;5
connaître;12;19;9;4;3
entrer;0;4;17;20;5
étranger;7;9;19;16;6
plaisir;7;5;12;16;13
nouveau;8;26;5;5;7
apercevoir;1;6;11;25;10
mot;4;10;8;9;15
cher;5;3;31;3;9
reprendre;2;7;9;9;9
paria;0;4;1;0;3
nom;9;23;2;8;5
auteur;1;22;0;10;8
tenir;6;14;6;15;7
regarder;8;2;16;2;21
vivre;0;11;14;7;2
sembler;5;6;0;11;19
place;5;0;4;31;7
citoyen;27;3;1;10;6
air;2;0;5;21;20
long;4;12;4;6;5
jeune;12;4;11;5;10
doux;3;3;1;5;31
former;10;15;3;11;8
ami;5;9;14;2;12
force;20;3;1;3;21
corps;18;6;1;4;7
baron;0;0;12;0;0
prince;13;12;5;8;6
manger;1;6;18;5;1
laisser;7;5;12;14;5
ciel;2;1;5;8;23
ancien;7;14;6;13;1
particulier;14;18;1;7;3
ouvrage;7;23;0;12;4
malheureux;6;1;5;3;10
maison;2;1;9;14;12
lire;3;6;5;10;10
génie;15;11;1;2;9
chercher;4;19;3;6;6
vaisseau;3;2;29;3;3
simple;4;25;1;7;5
jeter;3;0;12;5;11
côté;6;5;1;18;8
marcher;2;10;6;10;7
espèce;9;11;4;10;4
bonheur;17;6;5;3;8
apprendre;9;10;6;4;6
vrai;9;9;5;7;3
soleil;0;4;1;7;26
naître;18;2;4;0;10
mourir;6;3;13;2;5
frère;4;3;19;2;9
doute;8;8;11;4;9
écrire;0;15;4;4;5
utile;7;23;0;6;8
suivre;3;14;12;5;4
monarque;15;4;1;11;14
couvrir;9;3;4;3;12
attendre;2;3;16;2;14
mademoiselle;0;0;35;0;0
effet;0;11;8;13;5
tuer;0;0;17;0;2
trône;19;3;1;3;14
honneur;5;5;6;8;3
fille;3;1;21;3;1
droit;19;5;1;2;1
sage;10;12;1;4;2
ordre;5;9;2;13;5
moment;9;2;10;5;11
souverain;23;6;3;3;4
grâce;1;5;7;7;9
besoin;9;11;1;7;8
année;8;4;5;13;2
amour;8;1;1;2;19
âge;13;9;2;5;7
table;4;1;18;9;2
revenir;8;3;14;1;1
propre;8;15;1;5;6
pauvre;3;2;9;3;3
ouvrir;1;0;5;9;17
oser;13;2;2;7;6
nuit;1;0;4;5;13
milieu;1;2;4;12;14
humanité;12;4;0;1;19
heure;2;3;10;12;9
regard;3;3;0;8;20
palais;3;4;4;19;1
monter;4;4;5;4;15
histoire;2;13;7;2;2
bramer;1;1;1;0;1
approcher;2;1;14;10;4
pur;6;7;1;1;15
gloire;5;7;1;9;10
exemple;16;10;2;2;1
charger;2;7;8;4;5
vaste;5;6;0;18;4
tour;3;4;2;8;5
savant;1;6;11;2;0
mère;4;1;1;0;8
meilleur;0;18;10;1;2
justice;16;2;2;6;3
haut;5;2;2;8;14
général;8;12;4;3;3
château;0;0;5;4;3
partir;5;2;18;5;4
mériter;1;13;6;10;2
liberté;15;2;2;1;11
larme;0;1;11;1;19
langue;1;7;5;2;3
frapper;4;7;1;12;8
élever;11;3;0;4;14
soin;6;5;7;3;11
royaume;10;9;4;4;1
remplir;3;2;2;11;15
question;0;3;1;3;1
payer;7;2;15;5;1
mener;0;1;20;3;0
lever;3;0;5;3;13
jouer;5;1;9;3;15
arrêter;1;5;4;10;4
anglais;2;2;4;0;1
sujet;5;15;2;4;5
partie;8;10;6;0;3
mauvais;1;1;9;5;1
manière;9;11;2;4;1
lettre;2;5;3;16;0
jésuite;2;2;16;1;0
découvrir;1;9;1;5;11
dernier;2;5;4;6;5
brûler;4;5;6;3;4
bras;6;0;8;3;10
arbre;4;2;1;1;3
travail;10;3;1;9;7
sentiment;4;2;2;0;21
rencontrer;0;3;10;12;4
profond;0;1;2;7;14
plein;1;5;3;7;12
lumière;1;15;2;1;10
goût;0;14;5;3;1
garder;2;5;8;6;0
foule;13;2;0;6;10
fils;2;2;5;0;15
appeler;1;1;11;3;2
traiter;1;8;8;1;3
science;0;19;2;2;2
salle;2;2;2;21;4
présent;2;9;9;2;5
plaire;8;0;8;3;6
permettre;12;4;3;4;4
patrie;18;2;2;1;4
objet;6;12;2;2;10
mer;6;5;6;3;0
malheur;4;0;6;3;3
auguste;4;2;1;6;18
argent;1;1;6;9;2
écrier;3;0;13;3;4
régner;12;5;0;7;5
pièce;1;6;6;7;3
passion;20;2;2;0;7
parole;4;1;11;4;2
offrir;5;2;4;6;9
nombre;2;3;1;17;3
moyen;2;18;1;4;2
crime;8;0;2;0;3
cri;2;1;0;4;20
courir;0;3;8;0;1
chef;5;2;1;1;5
cause;6;7;6;1;2
caractère;8;9;2;2;6
élevé;0;4;2;10;3
tableau;4;13;2;5;6
sang;7;2;1;1;7
pensée;2;4;0;10;6
pari;0;3;8;16;0
orgueil;14;0;0;10;1
montrer;4;2;0;5;15
misérable;8;4;4;5;6
guerre;7;1;4;6;2
front;3;3;0;1;21
fond;12;1;4;3;7
feu;3;0;0;8;7
cruel;4;3;2;1;5
commun;4;9;5;1;3
bientôt;9;3;6;1;9
avouer;5;2;14;2;3
étendre;2;10;4;7;4
valoir;1;3;6;11;2
usage;8;4;4;2;0
spectacle;2;4;0;14;4
reconnaître;4;9;3;8;4
mouton;1;2;22;0;0
juger;4;11;2;6;1
joie;3;0;6;2;19
embrasser;2;5;10;0;10
digne;10;3;2;4;9
conserver;4;14;0;2;10
écrivain;2;14;0;1;5
triste;4;3;3;6;10
société;2;2;0;3;5
secret;2;14;0;3;9
pleurer;0;1;8;1;8
oreille;1;0;5;7;14
intérêt;10;14;1;0;1
inde;1;0;1;1;0
connaissance;1;14;4;5;2
bulgare;2;0;2;0;0
éternel;6;2;0;4;15
écouter;4;7;7;2;7
univers;2;6;2;3;14
philosophe;5;3;12;2;2
part;0;11;4;5;2
noir;3;0;5;4;4
noble;1;8;6;4;8
naturel;5;5;3;0;3
jouir;6;3;1;4;5
gros;0;5;11;3;2
gouvernement;4;13;1;2;2
europe;3;7;2;2;0
esclave;6;0;6;3;10
empire;15;1;1;2;1
descendre;3;1;1;2;14
dangereux;5;4;1;7;3
crier;5;0;5;1;10
composer;0;7;0;5;2
bas;1;0;5;14;1
abbé;1;1;23;1;0
étonner;2;1;13;6;4
voler;2;2;14;3;3
venise;0;0;24;0;0
tirer;0;3;5;2;5
soutenir;6;3;4;7;4
plutôt;4;13;1;1;9
nommer;7;2;6;0;5
grandeur;7;0;1;3;15
faible;2;6;0;1;14
coupable;9;0;0;2;5
cacher;9;1;3;1;10
bruit;6;0;8;2;5
barbare;14;0;0;1;4
abandonner;0;0;1;3;9
voisin;4;1;5;1;9
trait;3;9;1;4;7
suivant;1;2;3;4;2
souper;0;0;21;0;1
soeur;2;1;3;0;1
seulement;3;8;6;1;4
saisir;5;2;4;2;12
rouge;0;4;6;3;4
produire;2;7;2;8;4
manquer;3;12;6;0;1
indien;0;3;0;0;2
horrible;5;2;3;1;9
douleur;2;0;5;0;15
diamant;1;0;25;0;0
craindre;9;0;4;1;7
conduire;3;6;8;3;2
brillant;2;1;5;6;9
avancer;1;3;4;9;5
asseoir;1;0;0;13;7
adorer;0;1;2;1;17
académie;1;13;2;7;0
sorte;1;10;0;8;2
silence;3;2;1;7;10
sein;4;2;0;1;16
sacré;13;2;0;1;8
rire;2;4;4;11;2
prier;1;3;8;4;2
possible;0;8;5;3;2
moeurs;2;11;0;0;2
lit;2;0;3;4;1
libre;15;0;1;1;6
instant;0;0;4;3;15
fin;1;1;6;0;9
ensemble;5;5;3;2;4
commettre;2;1;3;7;0
bout;2;2;12;4;1
vivant;0;9;2;1;3
vieillard;1;0;10;4;2
titre;3;6;1;8;2
saint;0;3;9;2;10
royal;2;3;2;4;3
province;5;7;4;2;1
physique;2;12;3;1;4
juge;6;5;2;0;2
jardin;1;2;7;3;3
horreur;3;1;3;1;14
dévorer;6;3;1;1;11
blanc;0;0;0;4;11
universel;7;9;0;2;4
tantôt;0;1;1;0;2
sublime;0;8;0;2;12
majesté;0;1;13;4;5
famille;5;4;1;2;8
extrême;8;1;6;5;0
continuer;0;3;9;1;7
boire;1;0;7;1;1
assemblée;0;3;0;11;4
appartenir;1;3;4;5;1
animal;2;5;1;5;5
affreux;3;1;2;1;7
égal;2;4;1;3;7
vertueux;4;1;1;0;11
vendre;0;1;15;1;0
tromper;0;3;2;4;5
temple;0;0;0;10;8
sensible;3;5;0;0;12
seigneur;0;2;3;2;1
répandre;1;6;2;3;7
remarquer;1;10;0;9;3
religion;2;6;4;0;8
poète;3;7;1;3;1
pendre;0;1;6;1;1
morale;2;10;2;4;1
genre;4;5;0;1;4
fruit;3;1;2;2;5
français;0;4;9;2;0
forme;2;11;0;3;0
environner;2;2;0;5;12
entier;4;0;1;3;6
discours;1;1;11;2;3
degré;0;6;0;0;11
dame;0;0;18;0;3
bois;0;1;2;1;2
aussitôt;0;1;12;1;1
assurer;0;7;6;3;0
éloigner;1;5;1;9;5
toucher;6;3;4;4;1
source;2;9;1;1;2
ridicule;2;8;0;3;2
riche;2;0;4;8;2
respect;2;0;0;5;9
quartier;0;4;0;7;2
précieux;5;6;1;1;3
oublier;4;3;4;5;2
occuper;0;1;3;9;6
matière;5;10;1;3;0
luxe;6;5;0;2;1
juif;1;1;2;1;1
inquisiteur;0;2;7;0;0
immense;0;3;2;11;5
image;4;5;0;3;9
honnête;5;4;8;1;1
guide;1;3;0;9;7
froid;0;2;0;1;14
défendre;0;4;0;1;1
couleur;1;3;1;6;3
changer;1;11;1;4;1
capitaine;0;0;8;0;1
apporter;4;4;5;0;0
affaire;5;5;9;0;0
étonnant;4;7;0;3;4
épouser;2;1;1;0;4
travailler;4;3;5;0;4
tragédie;1;8;3;1;2
théâtre;0;8;2;10;0
terrible;7;1;0;1;8
suite;6;0;3;7;0
songer;2;1;4;0;11
rue;0;1;1;8;3
représenter;0;0;1;12;7
rang;4;5;1;9;2
présence;2;0;3;1;12
principe;3;8;2;1;7
politique;8;4;0;4;2
partager;1;0;3;6;8
nécessaire;11;5;1;2;0
livrer;1;0;2;2;14
inspirer;5;2;0;1;10
infortuné;3;0;3;0;9
imprimer;1;4;0;3;8
habitant;0;4;1;1;9
gagner;2;2;12;1;1
funeste;5;6;0;0;4
france;1;4;9;2;0
fortune;7;2;0;2;0
figure;1;3;2;8;3
fameux;1;7;1;2;0
erreur;2;12;0;0;3
envoyer;2;0;8;0;0
emporter;1;3;0;2;2
eau;0;0;2;4;1
don;8;0;1;1;2
courage;5;3;2;1;10
chemin;1;2;5;4;0
campagne;5;0;1;7;1
aventure;0;0;18;0;1
attacher;2;9;1;3;3
annoncer;1;1;0;2;12
angleterre;4;2;4;1;0
éclairer;6;3;0;2;3
échapper;2;3;1;1;8
véritable;6;2;1;10;1
visage;0;0;4;2;11
verser;2;1;7;0;4
tendre;3;2;4;0;7
soldat;1;1;0;1;1
secours;2;6;1;1;3
remettre;4;1;2;4;1
raisonner;0;7;8;1;0
perfection;1;7;0;1;10
pareil;0;2;2;9;3
monument;1;3;0;9;4
misère;2;1;3;0;3
maladie;1;11;3;2;1
honte;2;5;0;4;0
honorer;0;1;1;4;5
fureur;1;5;1;0;6
fleur;0;0;1;2;4
fermer;7;2;2;3;4
faiblesse;3;2;1;3;10
espagnol;0;2;13;0;0
enseigner;4;4;1;0;1
empereur;3;2;4;0;1
effort;9;2;1;4;1
détruire;3;9;0;0;0
disputer;0;1;5;2;2
curieux;1;1;5;8;1
crainte;7;0;1;5;2
couronner;2;1;0;13;0
contraire;4;10;0;0;2
commencer;3;1;5;0;3
cheval;3;1;10;2;2
agir;10;2;1;2;2
admirer;0;4;1;7;1
action;1;8;1;0;8
éprouver;1;4;3;3;2
voyage;1;4;9;1;1
souffrir;1;5;3;0;3
route;0;0;5;3;4
pénétrer;2;0;0;1;13
prêt;0;1;6;2;7
prouver;6;3;4;1;0
pierre;4;4;0;2;1
mémoire;2;5;1;2;6
médecin;0;5;2;1;0
mois;0;0;5;5;0
important;4;7;1;0;5
flambeau;4;4;0;3;0
fer;8;0;1;0;3
faux;0;9;1;1;0
dîner;2;2;11;2;1
découverte;1;9;2;1;2
créateur;0;2;0;1;16
couper;2;0;2;5;0
commerce;1;11;4;2;0
chasser;5;0;5;2;1
capitale;3;3;2;7;3
bâtir;0;0;0;13;0
beauté;2;7;5;1;2
abuser;4;2;1;2;4
éclairé;4;5;1;3;3
vil;4;3;0;3;0
tyran;8;0;0;0;8
touchant;2;6;1;1;7
surprise;0;1;7;4;5
statue;0;1;1;10;4
salutaire;1;0;0;0;10
robe;1;1;2;7;1
retourner;1;1;12;1;0
punir;3;3;2;2;0
prêtre;2;1;4;0;8
promener;1;1;2;7;4
prix;2;4;4;2;1
peindre;1;1;0;1;11
patron;0;0;11;0;0
ombre;4;0;1;1;8
obliger;1;1;4;2;7
nouvelle;1;4;7;5;0
moral;3;7;2;0;5
moitié;1;3;2;8;2
imaginer;0;6;2;3;1
héros;2;1;0;2;8
généreux;3;2;1;1;10
fuir;1;0;3;0;10
françois;1;9;0;4;0
fait;2;6;1;1;3
faim;1;3;5;2;4
différent;0;9;0;4;0
concevoir;0;6;1;3;3
cendre;4;2;0;0;9
ajouter;4;5;0;0;1
voile;0;1;4;1;5
vin;0;0;6;2;0
village;1;1;8;3;2
valet;2;1;11;1;0
vain;5;3;0;3;2
tombeau;3;0;0;2;2
sourire;1;1;4;1;4
soumettre;10;2;0;0;3
sauver;1;0;5;2;1
ruine;0;1;1;2;6
richesse;3;9;2;2;1
respecter;7;0;2;1;5
rentrer;2;4;1;4;1
prétendre;2;0;3;1;1
préparer;1;0;4;2;1
préjugé;0;11;0;0;0
prison;4;1;6;2;3
perfectionner;0;11;0;1;1
parcourir;0;7;1;3;4
paqueter;0;0;16;0;0
pagode;0;0;0;1;2
nourrir;3;1;2;0;5
mêler;6;2;4;0;2
multitude;1;1;1;8;4
mouvement;6;2;2;1;2
ministre;4;3;0;4;4
marché;3;1;4;2;0
jaloux;5;0;1;3;3
guérir;0;5;5;0;1
fonder;7;2;0;5;2
fidèle;3;7;4;1;0
entourer;2;0;2;0;1
ennemi;4;3;2;0;2
cours;1;5;0;3;3
coucher;0;0;2;0;10
considérer;0;2;1;11;1
bord;4;2;4;1;0
bonté;1;3;1;0;10
antique;4;2;1;4;5
agréable;0;3;3;2;1
achever;4;1;5;4;0
accompagner;2;1;2;1;6
étendue;4;5;1;4;2
épouvantable;1;1;5;2;4
élancer;0;0;0;0;12
éclat;1;1;2;2;7
volume;0;1;1;3;0
vice;3;3;1;1;3
trésor;1;1;4;0;5
tourner;3;4;1;2;3
talent;3;6;0;4;2
santé;3;0;2;1;2
rougir;0;1;4;1;2
rome;1;1;4;2;0
retrouver;1;1;7;0;2
retirer;2;1;3;2;3
ressembler;5;0;1;5;1
reposer;3;0;0;1;6
proposer;3;3;3;4;0
prononcer;4;2;2;2;3
poids;2;3;0;4;1
placer;0;0;0;7;8
nu;1;0;2;0;1
musique;2;2;2;1;3
monstre;7;0;1;1;2
marque;1;5;1;1;4
joli;0;0;7;1;1
globe;0;5;1;0;8
forcer;7;1;1;1;3
faveur;4;0;2;3;1
face;4;2;0;2;3
exposer;1;7;3;1;2
exercer;6;0;3;2;3
entretenir;0;0;1;5;8
dur;6;1;1;4;1
demeurer;1;0;5;4;4
curiosité;0;3;5;3;5
criminel;10;1;0;2;3
cabinet;1;2;4;7;1
barrière;4;0;1;4;1
baiser;2;0;7;0;3
auprès_de;2;0;10;2;1
attention;0;7;4;3;1
arme;2;1;4;0;0
allumer;3;2;0;0;5
acteur;0;0;2;3;0
académicien;0;4;0;6;3
élève;2;2;0;0;1
édifice;1;4;0;7;1
trembler;0;0;3;2;3
travers;0;2;3;1;1
superbe;1;2;0;9;1
sottise;0;0;2;4;0
sommeil;2;1;0;1;8
soir;1;0;5;6;2
satisfaire;0;0;2;6;6
répéter;0;0;0;4;8
réponse;0;0;1;2;0
respectable;5;2;1;3;4
refuser;4;2;1;1;3
rassembler;0;9;0;4;0
rage;2;3;1;2;3
quitter;3;0;7;2;2
projet;2;5;0;3;1
pococurante;0;1;11;0;0
piastre;0;0;12;0;0
paix;3;1;0;1;8
oeuvre;0;9;1;3;2
neuf;1;4;1;0;2
montagne;3;0;2;4;2
marchand;0;0;11;0;0
léger;4;1;1;7;2
jambe;0;1;0;6;0
intelligence;1;3;0;0;8
inconnu;0;3;1;8;2
espérer;0;1;5;0;4
empêcher;1;1;2;6;0
emploi;1;3;0;6;3
couronne;2;0;0;4;9
couler;1;0;2;1;8
contempler;2;0;0;5;6
consulter;1;1;0;1;1
constantinople;1;0;12;0;0
condamner;1;2;1;2;0
combattre;8;2;0;2;1
cas;1;5;0;6;1
bizarre;1;1;0;3;0
bel;4;3;1;0;1
battre;2;0;2;2;5
arracher;3;1;1;0;5
amener;1;3;6;1;1
aise;0;0;3;11;0
acheter;0;0;6;2;0
également;2;4;1;1;0
écraser;0;0;0;5;5
vif;1;1;2;1;7
troupe;0;0;2;6;3
terreur;0;0;0;0;10
terme;0;7;5;0;0
séparer;4;4;2;0;4
suffire;2;1;0;4;1
souvenir;3;0;4;1;2
signe;1;1;2;2;2
scène;0;3;0;2;5
sagesse;3;4;0;0;7
révérend;0;0;10;0;0
réunir;2;9;1;2;0
réflexion;1;4;4;1;3
réel;4;4;0;4;2
revoir;1;0;11;1;1
renfermer;0;5;2;6;1
rare;3;1;2;2;1
puissance;7;1;0;0;5
prévenir;0;1;0;1;1
providence;1;1;2;0;3
propos;1;3;1;3;1
plaindre;4;0;4;0;3
pitié;4;2;3;0;3
philosophie;2;0;2;3;3
pain;2;0;8;0;3
opinion;6;5;0;0;1
obscur;3;0;0;1;0
mépris;2;0;2;2;2
méchant;2;1;1;1;3
marbre;0;3;2;5;2
malade;3;0;2;1;0
louis;0;0;2;10;0
lier;1;6;1;2;1
jeu;1;0;3;5;4
italie;1;0;9;0;1
infini;0;0;0;3;10
hôte;0;0;4;1;1
habiter;2;0;1;5;1
habit;1;0;1;8;1
gouverneur;0;0;7;0;0
flatter;2;1;0;0;6
faute;2;5;1;0;0
fatiguer;2;2;1;1;2
estimer;0;4;0;0;6
embarquer;0;1;8;0;1
désir;6;0;2;1;1
douceur;3;4;0;1;3
disposer;7;1;0;0;3
disparaître;5;1;2;0;2
corneille;1;0;0;3;2
conversation;0;2;3;6;1
contenir;1;2;0;6;1
coin;1;0;1;4;5
civil;5;2;0;3;2
champ;1;2;2;4;2
causer;6;1;3;2;1
bannir;0;5;0;1;1
avantage;2;5;3;3;0
attirer;2;2;0;6;1
appartement;0;1;0;9;0
admirable;5;3;2;1;1
abus;3;7;0;1;0
absolument;1;2;3;5;1
île;0;3;1;1;0
vengeance;3;0;0;1;8
veiller;3;2;0;1;2
tyrannie;10;1;0;0;1
turc;3;2;4;1;0
tronc;0;2;0;3;2
troisième;0;0;3;2;1
tribut;8;0;0;2;0
traîner;1;1;2;4;1
système;0;6;2;0;2
suprême;1;1;0;1;10
sommet;0;1;0;4;3
semblable;3;1;0;2;3
salon;0;1;2;2;1
saient;0;5;4;1;1
répliquer;0;4;6;0;1
rencontre;1;1;1;1;4
rayon;0;0;0;2;7
puissant;1;0;1;0;1
postérité;1;4;0;0;8
portrait;0;2;0;4;1
plume;2;1;2;0;1
plonger;1;1;0;3;4
patience;0;2;1;2;6
oiseau;0;1;2;1;3
observer;0;4;1;6;2
métier;2;1;5;0;0
mépriser;4;0;2;0;1
morceau;0;2;0;3;5
magnifique;0;3;0;8;2
louer;1;0;10;1;1
instruire;2;4;0;2;3
grossier;1;1;0;8;1
graver;4;4;1;1;1
fleuve;0;0;0;0;4
expérience;3;6;3;1;0
exprimer;2;1;0;0;2
expliquer;0;4;4;1;0
eldorado;0;0;10;0;1
détail;0;3;0;2;0
dormir;0;1;3;6;0
domestique;1;0;8;0;1
distinguer;4;3;1;0;3
dignité;0;4;0;5;1
destiner;1;1;0;3;4
créer;3;1;0;2;2
convenir;1;4;4;0;2
compter;0;6;2;0;0
compte;0;6;2;1;1
colonne;0;1;0;6;0
chien;1;2;0;0;1
chapeau;1;4;0;4;1
chanter;0;0;7;2;1
cesse;2;2;2;1;3
buenos;0;0;8;0;0
ayres;0;0;8;0;0
animer;0;0;0;5;8
amuser;0;2;1;2;3
époux;1;0;1;0;1
voyageur;0;0;7;1;1
voeu;0;0;0;0;3
traverser;0;0;4;8;0
séjour;0;1;0;3;6
surprendre;1;7;2;1;1
supplice;2;0;0;1;3
superstition;5;0;0;0;2
sot;1;0;0;3;3
solitaire;0;0;0;0;7
réduire;5;1;4;0;2
récompense;1;3;0;0;1
rival;2;3;2;3;0
revêtir;1;2;0;1;4
renverser;2;0;1;5;1
remercier;0;4;4;0;2
recueillir;1;1;1;0;6
rapporter;1;3;1;0;1
prodigieux;1;3;0;2;0
poursuivre;3;0;1;1;5
poison;5;2;0;0;3
plat;1;1;3;2;0
passager;1;0;3;0;7
passage;2;1;3;3;0
parent;5;0;0;1;2
ordonner;1;6;3;0;0
opéra;1;0;2;2;1
officier;0;2;4;3;0
obtenir;3;1;3;0;2
multiplier;2;4;0;2;2
mortel;1;3;0;2;2
merveilleux;0;8;0;2;1
majestueux;0;1;0;1;10
magnificence;0;0;0;8;4
magistrat;1;8;0;2;1
humeur;4;1;2;0;0
glaive;9;0;0;1;2
frais;1;0;4;4;0
finir;1;5;1;0;2
espérance;1;1;2;1;2
envie;0;3;1;1;4
effacer;1;4;0;5;2
droite;2;0;0;2;3
difficile;4;2;0;0;5
daigner;4;0;0;0;4
cour;0;2;2;4;1
consoler;0;0;4;0;2
consacrer;6;1;0;1;3
compagnie;0;0;4;0;0
communiquer;3;4;1;1;1
commandant;0;0;8;0;0
charme;1;0;0;1;9
canon;1;1;2;3;1
cadavre;4;2;0;0;3
but;0;5;0;1;5
briser;2;1;0;2;3
briller;0;2;2;1;6
bouche;1;0;3;0;1
borne;3;1;0;1;4
aspect;0;3;0;5;3
appliquer;1;6;0;1;3
allemand;0;0;6;0;1
ôter;0;2;2;1;4
éteindre;3;4;0;1;1
établir;2;4;1;2;1
épargner;0;1;0;4;3
volonté;8;0;0;0;0
voiture;0;2;0;7;1
violer;1;0;2;0;0
veille;5;0;0;0;5
unir;2;1;1;1;4
transporter;1;4;1;1;2
transport;0;1;1;0;9
sûr;6;0;0;1;0
sénat;5;0;0;0;2
sucre;0;0;3;2;0
st;0;1;5;4;0
sol;3;1;0;0;0
révolution;8;0;0;0;2
rocher;1;0;0;1;3
repas;0;1;5;0;1
relever;4;0;1;0;1
race;1;2;0;1;0
quoiqu;0;7;2;0;0
périgourdin;0;0;10;0;0
prélat;0;2;0;0;6
prodige;1;2;1;1;3
prière;1;5;0;1;3
posséder;4;4;1;0;1
plante;5;1;0;2;0
physionomie;0;0;1;6;3
peur;1;0;4;1;2
percer;1;2;0;1;0
parfaitement;0;6;1;3;1
parer;2;0;0;4;4
ornement;0;0;0;4;4
orateur;0;1;3;1;4
nègre;1;0;3;2;1
nombreux;0;2;0;5;2
moine;0;0;8;0;1
mine;2;1;1;1;3
merveille;0;4;1;1;3
masse;0;4;0;1;0
lieue;0;2;2;4;0
large;1;0;1;1;0
inviter;0;4;3;0;0
intéresser;0;6;0;1;1
instrument;0;0;0;2;4
informer;2;3;2;0;1
industrie;7;0;0;0;3
imposer;1;2;0;1;3
ignorance;4;2;0;1;1
hollandais;1;0;8;0;0
habile;2;4;1;1;2
goûter;1;0;1;0;8
gouverner;4;4;1;1;1
genou;3;0;2;0;4
gauche;0;0;1;2;4
funèbre;1;0;0;8;2
fou;2;1;2;0;3
forêt;2;0;0;1;5
foi;1;0;4;2;1
fléau;4;1;1;1;2
flamme;0;0;0;2;6
fier;1;0;1;0;9
feuille;0;1;1;0;1
facile;2;4;1;0;0
exécuter;3;2;1;1;0
excellent;0;3;5;0;0
espagne;2;0;4;0;1
esclavage;6;0;0;0;3
entrée;0;0;1;1;3
ennui;1;0;2;0;2
enlever;1;0;3;1;0
déterminer;3;4;2;0;0
désespoir;2;0;2;0;6
délivrer;1;2;4;0;3
défaut;0;8;0;1;0
décider;2;1;0;6;0
débris;0;2;0;2;4
distance;0;1;0;3;2
demeure;1;3;2;0;5
cérémonie;2;1;1;5;1
cultiver;3;0;3;2;2
conter;0;0;9;0;0
comprendre;2;4;0;2;1
clémence;0;1;1;0;9
chrétien;1;0;4;0;1
choisir;1;1;1;0;4
chaîne;3;1;0;3;3
charmant;1;2;3;3;0
cabaret;0;0;9;2;0
bibliothèque;0;2;2;1;0
avilir;6;1;0;2;0
antiquité;0;6;0;1;3
anabaptiste;0;0;10;0;0
aile;1;0;0;4;4
accoutumer;3;3;0;1;2
accorder;2;1;3;0;0
accabler;5;0;1;0;3
étroit;0;2;0;1;0
équité;3;1;0;1;3
éloge;0;1;0;3;1
égorger;6;0;0;0;0
à_coup;2;2;0;1;3
zèle;1;1;0;0;6
westphalie;0;0;5;1;0
vêtir;0;2;2;3;0
vénérable;0;2;0;2;2
voûte;0;0;0;0;6
voyager;1;4;3;0;0
ténèbres;1;0;0;1;6
trépas;2;0;0;3;1
tendresse;0;1;0;0;9
subsister;2;2;0;5;0
souffle;0;1;0;0;8
singulier;0;3;1;1;1
singe;0;0;7;0;0
serment;1;0;2;0;5
rose;1;0;1;1;3
respirer;4;0;0;3;0
repos;2;1;0;0;5
ramasser;1;0;7;0;0
qualité;1;6;1;0;1
périr;0;0;6;0;0
puéril;4;3;0;0;0
près_de;0;0;1;5;2
procurer;0;1;3;4;0
principal;0;5;0;3;0
port;0;0;6;0;3
peser;0;1;3;4;0
personnage;1;5;2;0;2
papier;0;2;0;4;1
paisible;4;0;0;1;4
orgueilleux;4;1;0;1;0
oisiveté;2;0;1;2;0
muraille;0;0;0;9;0
miracle;0;4;1;1;1
marquis;0;0;8;0;1
marquer;4;2;0;0;2
marier;1;0;1;1;3
louange;0;1;0;0;6
londres;1;0;1;1;1
langage;0;1;2;3;1
joindre;0;2;1;0;2
jacques;1;0;7;1;0
italien;0;2;2;0;0
interrompre;4;3;0;2;1
instruit;2;3;1;1;1
injuste;2;1;0;1;1
ignorer;5;1;1;0;1
honteux;6;1;0;1;0
honorable;7;2;0;0;1
hasard;0;2;3;0;1
gémir;5;0;1;0;0
grec;0;4;0;4;0
galerie;1;0;1;6;0
galer;0;0;5;0;0
fournir;1;6;0;2;0
fixer;1;2;0;4;1
examiner;0;2;2;6;0
entraîner;0;2;0;1;2
engager;2;1;6;0;1
effroi;1;0;0;0;8
délicieux;0;1;2;0;5
déchirer;1;0;0;2;4
dresser;0;0;0;5;3
diviser;1;1;1;1;0
divin;0;1;0;1;7
dispute;0;5;1;1;0
difficulté;4;0;1;1;0
despotisme;4;2;0;0;2
créature;2;0;3;0;1
coûter;3;1;3;1;0
coutume;2;3;1;1;1
content;1;1;5;1;2
consumer;8;0;0;0;0
confondre;3;1;0;3;2
confier;7;1;0;0;2
confiance;3;0;1;0;5
conclure;0;2;1;0;0
compatriote;3;2;0;0;2
cesser;1;1;2;1;3
carnaval;0;0;8;0;0
bénir;0;0;3;0;6
attendrir;0;0;1;0;8
atteindre;0;8;0;0;0
assembler;5;0;2;2;1
anglois;1;3;0;3;1
amérique;0;3;2;0;1
amant;0;0;4;0;4
affliger;1;0;2;0;6
aborder;0;0;9;0;0
abattre;2;3;0;0;0
événement;2;2;2;1;0
étrange;0;1;6;1;0
étouffer;2;1;0;0;4
énorme;0;0;2;3;1
éloquent;1;1;0;1;6
église;1;3;1;1;1
égarer;0;5;0;1;1
vulgaire;2;0;0;3;3
vraiment;0;4;2;2;1
visite;2;2;3;1;0
violent;0;0;1;1;1
vanité;2;2;1;0;1
vainqueur;1;2;0;3;2
tribunal;0;7;0;0;0
tranquille;2;0;0;0;6
tonnerre;1;0;0;0;5
tempête;1;0;3;0;3
sérieux;1;5;0;2;0
surinam;0;0;7;0;1
suffisant;1;3;4;1;0
style;0;5;0;0;2
souriant;2;1;1;1;3
solitude;0;3;0;0;4
sceptre;4;0;0;0;5
saluer;1;0;2;0;4
résister;2;2;1;0;0
réconnaissance;2;1;0;0;6
récompenser;0;2;0;1;6
rivage;1;0;6;0;0
ressort;6;2;0;0;1
rempli;2;1;1;1;1
redouter;4;1;0;0;1
redoubler;0;0;3;1;1
rapport;0;6;1;0;1
ramener;1;1;5;0;1
quart;0;0;3;0;1
publier;3;4;0;1;1
prêter;0;2;0;4;2
promettre;1;0;3;0;2
production;0;5;0;4;0
pourvoir;0;0;3;4;0
portugal;0;0;5;0;0
pont;0;0;0;7;1
poliment;0;1;3;3;0
peintre;2;2;0;4;1
pasteur;0;1;0;0;8
parvenir;0;4;0;1;1
origine;1;2;0;1;3
ordinaire;0;2;1;3;0
orage;1;0;0;0;2
opprobre;1;2;0;0;1
néant;0;2;0;0;4
nez;0;2;4;0;1
mesure;0;6;2;0;0
maîtresse;0;0;5;0;0
maudit;2;2;1;0;1
matin;0;1;3;1;3
lisbonne;0;0;7;0;0
laid;1;0;5;0;0
intéressant;0;2;0;7;0
insolent;0;2;0;5;0
insensible;3;0;0;0;5
innocence;2;2;1;0;3
ingénieux;3;0;0;0;1
impossible;0;1;0;2;1
immortel;0;0;0;0;5
imiter;0;0;0;0;6
ignorant;0;0;2;1;5
hâter;0;0;0;1;6
harmonie;0;4;0;2;3
grave;0;5;1;3;0
giroflée;0;0;9;0;0
fontaine;0;0;1;1;4
exécution;1;3;0;2;0
extravagant;0;6;0;1;0
exister;0;6;0;1;1
excellence;2;2;3;0;0
etc;0;0;1;4;1
estomac;1;1;1;1;1
espace;0;0;0;2;2
ennuyer;0;0;0;4;0
enfoncer;0;0;5;0;3
enfer;1;1;1;1;3
endormir;0;0;0;0;4
enchaîner;0;2;3;1;0
empreinte;0;1;0;1;7
désirer;0;0;0;4;3
déguiser;2;3;0;1;1
dégoûter;0;0;2;1;1
défigurer;0;2;1;1;3
divinité;0;1;0;0;6
céder;2;2;0;1;2
corrompre;5;4;0;0;0
conséquent;0;2;1;2;0
commander;2;3;0;0;1
combat;3;0;1;2;1
classe;2;0;0;3;1
chérir;2;0;0;0;7
chine;0;3;1;0;2
cheveu;2;0;1;0;4
chef_d_oeuvres;0;1;0;1;3
chant;1;0;0;0;5
calme;2;1;0;0;4
caillou;1;0;4;0;1
bataille;2;1;0;4;0
avis;1;0;4;0;1
avance;1;0;1;2;3
autorité;8;0;0;0;0
attaquer;0;2;2;2;1
assurément;0;1;1;5;0
artiste;1;5;0;2;1
amitié;0;1;1;0;6
ambition;6;0;0;0;2
aisément;0;0;7;0;1
aimable;3;1;0;0;3
affecter;1;0;0;2;4
affable;2;1;0;0;4
accuser;4;0;1;0;3
accomplir;2;1;0;1;2
évêque;0;1;0;4;0
étonnement;0;1;0;5;0
épais;0;2;0;0;3
émouvoir;0;1;2;2;2
égalité;4;0;0;0;1
éducation;2;1;0;0;3
échauffer;1;2;1;0;2
vêtement;1;1;0;1;1
volupté;1;1;0;0;6
voltaire;1;0;0;6;0
voleur;3;0;1;0;0
vert;1;0;1;1;0
vent;0;1;2;1;0
tristement;0;0;1;1;6
tracer;1;0;0;3;1
tourmenter;1;0;1;0;2
théatin;0;0;7;0;0
tempérament;6;1;0;1;0
sévère;0;0;0;4;3
surpasser;0;3;0;1;3
succéder;0;0;0;2;2
soupirer;0;0;0;0;8
soulager;3;1;0;1;0
solide;0;1;2;0;2
siège;0;0;1;4;2
situer;2;0;1;4;0
signifier;1;0;2;3;0
seconde;0;1;1;1;5
sauter;1;0;3;1;1
sain;4;1;0;2;1
rêve;2;1;0;0;0
résoudre;0;0;2;0;1
réparer;1;1;2;1;0
ruiner;1;0;0;3;2
risible;0;1;0;4;0
rappeler;2;0;1;0;4
précipiter;1;0;0;1;5
prosterner;0;0;2;0;5
pousser;0;0;0;0;5
possession;4;2;0;0;2
portoient;2;3;0;2;0
plan;0;3;0;4;0
peupler;1;2;0;5;0
persuader;1;2;1;0;2
peinture;0;2;1;2;3
paysan;2;1;0;2;2
pardonner;6;0;0;0;1
pape;1;1;1;0;1
page;0;0;0;3;0
ouvert;1;0;0;2;4
oreillon;0;1;6;0;0
opération;2;5;0;0;1
opposer;2;1;0;0;1
nécessairement;3;1;3;0;0
noblesse;0;2;0;1;1
mourant;0;0;1;2;2
membre;1;2;1;1;1
matelot;1;0;2;0;0
législation;0;7;0;0;0
lune;0;1;0;0;3
lumineux;3;2;0;0;3
lien;1;1;0;0;1
leçon;0;2;1;3;1
lecture;1;2;0;1;0
iv;0;0;1;1;6
intérieur;0;0;0;6;1
intime;0;2;1;0;4
interroger;0;0;1;1;1
impression;0;1;0;0;7
importer;0;2;2;2;0
imagination;0;1;0;0;4
hôtellerie;0;0;7;0;0
horizon;0;0;1;1;2
hommage;1;0;0;1;5
henri;0;0;1;0;5
haine;1;2;0;0;3
gorge;0;0;5;0;1
geste;0;0;0;0;7
garde;3;0;0;0;2
félicité;0;3;0;2;3
fécond;4;2;0;0;2
fortuné;1;1;0;0;3
folie;0;5;1;0;0
favoriser;0;3;1;0;4
fauteuil;0;0;1;7;0
fardeau;3;0;0;0;4
fable;1;1;0;0;6
extrémité;0;0;1;2;0
extraordinaire;0;3;3;0;0
expression;1;3;0;1;2
entrailles;3;1;0;0;4
engloutir;1;0;1;3;1
enfermer;3;1;0;1;1
détestable;3;0;3;0;2
déposer;3;0;0;0;0
déplorable;3;0;0;2;2
dédaigner;3;0;0;0;3
doré;0;0;2;5;1
doigt;1;0;2;1;3
deviner;0;0;3;5;0
destruction;1;1;0;0;4
côte;1;0;4;0;0
converser;2;3;0;1;1
convenable;0;7;0;0;0
complaisance;0;2;1;2;0
clair;0;2;0;0;4
chambre;0;0;3;3;0
cercle;0;1;0;3;1
centre;2;1;0;1;3
branche;1;2;0;0;3
borné;2;0;0;0;6
bordeaux;0;1;7;0;0
boeuf;2;0;0;2;1
base;0;4;0;0;3
aveugle;6;0;0;0;2
autrement;0;0;5;0;1
attentivement;0;0;5;1;2
attentif;1;1;0;6;0
assiéger;1;0;0;2;2
arrêt;0;3;0;1;1
applaudir;2;2;0;0;3
animé;0;1;0;2;5
allemagne;1;0;3;0;1
aliment;1;0;1;1;3
aisé;0;2;0;4;1
adopter;1;2;0;0;2
admiration;0;0;1;4;3
accepter;0;0;3;0;0
absolu;2;1;1;2;2
épuiser;2;1;0;0;1
épaule;2;1;1;1;1
énergie;0;4;0;0;3
éléphant;0;0;0;0;5
éloquence;2;1;0;1;2
école;1;4;1;0;0
éclair;1;0;1;0;4
xv;0;0;0;5;0
xiv;0;0;0;6;0
volontairement;1;1;0;0;3
voiler;1;2;0;0;3
vilain;0;1;1;1;0
vide;0;0;1;5;0
victime;4;0;0;0;2
vestibule;0;1;0;5;0
valeur;0;2;1;3;1
user;5;0;0;0;2
unique;0;0;0;6;1
témoin;2;0;1;0;2
tremblement;0;0;4;0;0
tigre;0;0;1;0;4
tendrement;1;0;5;0;0
tarder;1;0;0;3;2
taille;1;0;2;2;2
sûreté;6;0;0;0;0
sûrement;1;1;0;2;0
spectateur;2;1;0;1;1
soupçonner;1;1;2;1;1
somme;0;2;0;1;0
sombre;0;0;0;3;4
sincère;3;3;0;0;0
sexe;2;1;0;0;3
servitude;3;0;0;1;2
service;1;1;2;1;1
sensibilité;2;1;1;0;3
second;0;1;2;1;1
sauvage;0;0;1;0;4
sanglant;5;0;0;0;0
sang_froid;0;1;3;1;0
révéler;1;0;0;0;5
réveiller;0;0;0;0;6
réfléchir;2;0;0;0;2
retenir;0;0;0;1;4
remède;1;2;0;1;2
remords;1;0;1;0;2
remonter;1;0;1;0;1
religieux;1;3;0;2;0
recommander;1;0;4;0;2
recherche;1;4;0;1;0
rapide;0;1;0;1;3
raconter;0;3;3;0;0
quelqu;4;0;0;0;0
quatrième;0;0;5;0;0
pâlir;1;0;1;0;3
publiquement;1;2;0;1;0
prêcher;1;1;1;1;2
provision;0;1;2;0;1
presse;4;1;0;2;0
pompe;2;1;0;2;1
politesse;0;2;3;0;0
planter;1;1;1;0;1
pierreries;0;0;5;1;0
pesant;0;1;1;2;1
perpétuel;0;5;0;0;2
paraguay;0;0;4;0;1
ostentation;4;1;0;0;1
organe;3;0;0;0;4
oraison;0;1;0;6;0
opposé;1;6;0;0;0
odieux;2;1;0;0;3
occasion;1;1;1;0;1
obéir;2;0;1;0;3
méditer;0;2;0;2;1
millier;0;2;0;3;0
mensonge;2;0;0;0;1
mari;2;0;1;1;1
marc;3;0;2;0;2
machine;2;0;2;2;0
législateur;4;0;0;0;1
lugubre;0;0;0;4;1
liqueur;1;0;2;0;0
laquais;1;0;1;2;0
justement;3;2;1;0;1
jusqu_aux;1;1;1;1;2
jurer;0;0;6;0;1
joug;4;1;0;0;2
jeunesse;2;1;0;2;1
invention;0;1;0;0;5
interdire;1;1;0;0;1
insensé;0;0;0;3;1
inquiétude;0;1;1;1;4
innombrable;0;2;0;2;2
injustice;1;0;1;0;1
infiniment;1;4;1;1;0
inconcevable;2;1;0;0;3
incendie;3;1;0;0;0
hôpital;1;0;0;1;1
heureusement;1;0;2;1;1
haïr;0;2;1;0;1
hardi;1;2;0;1;2
habiller;0;0;2;4;0
gêner;1;1;0;3;0
guères;0;0;0;5;0
fête;1;0;0;4;2
foudre;0;0;0;0;4
filer;0;0;0;5;0
fesser;0;0;3;0;0
façon;0;0;1;5;0
fatigue;2;0;1;1;0
faste;5;1;0;1;0
fanatisme;2;2;0;0;1
expirer;2;0;0;0;2
existence;0;1;0;1;5
excès;5;0;0;0;2
enterrer;0;0;3;0;1
entasser;1;4;0;0;0
enflammer;1;0;0;0;5
effrayant;0;0;0;1;3
désert;1;0;1;2;3
dépenser;3;1;1;1;0
déjeuner;0;0;4;0;0
dégoût;0;2;0;4;0
douter;1;0;3;0;1
distinction;4;0;0;1;0
diriger;0;2;0;1;1
différence;0;0;1;5;0
destinée;0;1;5;0;0
destin;1;3;0;1;1
dessein;1;0;0;1;3
damoiseau;0;0;6;0;0
céleste;0;0;0;1;3
courtisan;2;0;0;3;0
cou;0;0;5;0;0
corriger;3;4;0;0;0
cordelier;0;0;6;0;0
convaincre;2;0;1;0;1
contredire;0;3;1;1;1
contemporain;4;0;0;0;2
consolant;0;0;0;1;6
conseil;1;0;4;0;1
comparaison;0;1;0;3;1
clarté;0;0;0;1;2
circulation;1;1;0;2;0
cieux;0;0;0;1;6
choix;1;1;0;0;2
charité;0;0;1;3;2
charitable;1;4;1;0;1
changement;4;0;0;1;1
chagrin;1;2;1;1;1
casser;1;0;1;1;0
carrosse;0;0;3;2;1
calamité;2;0;2;1;1
cadix;0;0;6;0;0
bâton;0;1;1;0;4
bleu;0;1;0;5;1
avidité;1;2;0;2;0
avare;1;1;0;0;2
aurore;1;0;0;0;3
augmenter;2;1;1;1;1
astre;0;2;0;0;5
arroser;0;0;2;0;1
armée;0;2;1;0;3
armer;4;0;1;1;0
ardent;1;0;0;0;5
appuyer;0;2;1;0;1
ambitieux;1;0;0;1;1
agiter;0;0;0;0;4
acquérir;1;4;0;0;0
accourir;2;0;2;0;1
abominable;0;0;4;0;0
éviter;3;0;0;0;1
étoile;0;0;0;5;1
étoffe;0;0;3;1;0
éclatant;0;2;1;0;2
écarter;1;1;0;1;3
vol;2;1;0;0;3
voie;0;0;0;1;5
vivement;0;0;0;0;3
visiter;0;2;0;2;0
virgile;0;2;1;1;0
vigoureux;1;1;1;2;0
vigilant;0;5;1;0;0
vengeur;2;0;0;0;3
varié;0;0;0;1;2
tôt;1;1;0;2;1
trompette;1;2;0;1;1
tournant;1;0;4;1;0
torrent;0;0;0;1;3
toile;1;0;0;2;0
tailler;0;1;0;1;2
sénateur;1;0;5;0;0
supérieur;0;1;2;1;0
sultan;0;0;4;0;0
succès;4;2;0;0;0
substituer;2;4;0;0;0
subir;1;0;0;2;0
soulever;0;0;0;1;5
solliciter;1;0;0;0;2
signal;0;0;0;1;5
sagement;0;3;0;3;0
rousseau;0;0;0;6;0
rouler;3;2;0;0;0
retomber;0;0;0;0;6
retentir;1;1;0;1;0
ressource;1;3;0;0;1
respectueux;0;0;1;1;4
reculer;0;0;2;1;2
raisonnable;0;4;1;0;0
radieux;0;0;0;1;3
querelle;0;0;3;2;0
pâle;1;0;0;2;1
pyramide;0;1;0;3;0
pus;0;1;0;2;0
préserver;1;2;0;1;1
préférable;3;1;1;1;0
précepteur;0;1;3;2;0
progrès;0;5;0;1;0
profusion;0;0;0;6;0
profondeur;2;0;0;0;4
profiter;0;0;0;4;0
probité;0;6;0;0;0
privé;1;0;1;0;3
poussière;1;0;0;1;1
poudre;2;1;0;1;1
portion;0;2;0;1;3
police;0;4;0;1;1
planche;0;2;1;0;1
permission;1;1;1;1;0
perle;1;0;3;0;1
perfide;2;0;0;0;3
orner;0;1;1;0;3
ordonnance;1;2;0;0;0
ordinairement;2;2;0;1;1
opérer;2;1;0;0;2
océan;1;3;0;0;1
nécessité;5;0;0;0;0
noyer;0;1;3;0;0
nord;4;0;1;0;0
noeud;6;0;0;0;0
naturellement;1;1;2;2;0
métairie;0;0;6;0;0
mélange;3;0;0;0;2
médecine;3;1;0;0;0
mutuel;2;1;0;1;1
murmurer;1;0;0;1;1
muet;0;0;1;0;4
modeste;0;2;0;2;2
mariage;2;0;0;1;0
manteau;0;0;1;0;3
mahomet;2;1;0;1;0
loger;1;0;1;1;0
lent;2;0;0;0;1
laborieux;1;2;0;0;1
jugement;0;1;2;0;0
jouissance;0;0;0;0;5
jalousie;0;1;1;2;0
intelligent;0;1;0;2;3
institution;0;4;0;0;1
inquisition;1;1;1;1;0
ingrat;1;0;1;0;4
imposant;1;0;0;0;5
immortalité;0;2;0;2;1
imbécille;4;0;0;2;0
illustre;0;4;1;0;0
illusion;0;1;1;0;2
ii;3;0;0;0;1
hollande;0;0;3;0;1
générosité;2;0;1;0;2
guère;0;0;1;2;2
gueux;0;0;5;0;0
gré;1;1;0;1;1
gaieté;1;0;0;3;1
gage;0;1;1;1;0
futile;2;1;0;0;1
fréquenter;0;2;0;2;1
frémir;3;1;1;0;0
fripon;1;1;2;0;0
fragile;1;0;0;1;3
fouet;0;0;0;0;3
fortement;4;1;0;1;0
figurer;1;0;1;1;1
feuillée;0;0;5;0;0
favorable;0;3;0;1;1
fantôme;2;1;1;0;1
fanatique;1;1;0;0;2
faix;2;0;0;0;2
extrêmement;0;1;1;3;0
exempt;0;0;6;0;0
européen;0;0;1;0;2
eunuque;0;0;4;0;1
entreprendre;2;0;0;1;0
ensevelir;1;1;1;1;2
enfuir;0;0;3;0;0
enfanter;0;0;0;1;3
empoisonner;0;1;0;3;0
employé;1;3;0;1;1
embarras;0;2;1;3;0
dôme;0;0;0;3;1
détourner;0;2;2;0;0
désordre;0;2;0;0;2
dépouille;1;2;1;0;1
dépositaire;4;0;1;0;1
dépendre;1;2;0;0;1
délicat;1;0;0;1;3
décéder;1;1;0;1;3
déclarer;1;0;0;1;3
double;1;1;0;2;1
distribuer;0;1;0;2;1
distingué;0;0;0;5;0
distinctement;0;0;1;4;0
dissoudre;2;1;0;1;1
dissiper;2;0;1;1;1
discorde;2;1;0;2;0
disciple;0;1;1;1;0
danger;2;0;0;0;2
césar;4;0;0;0;1
culte;2;2;0;0;1
création;0;1;0;3;1
cruauté;1;1;1;0;0
croître;1;0;0;1;4
courageux;0;0;0;0;4
coquin;0;1;4;0;0
convive;0;0;5;1;0
contenter;4;0;0;0;0
conte;0;0;2;0;3
conscience;1;0;0;0;4
confusion;0;1;1;3;1
conduite;1;4;0;0;1
condition;1;0;3;0;0
concitoyen;4;0;0;0;1
comédie;0;1;1;2;0
compagnon;0;0;1;4;0
commodité;5;0;1;0;0
commode;0;0;0;4;0
collège;1;1;1;0;0
cochon;0;0;1;4;0
cité;2;1;0;0;2
cinquième;0;1;2;1;0
chimère;4;0;0;0;0
chef_d_oeuvre;0;0;1;4;0
char;2;0;0;1;2
chaleur;0;0;0;1;4
certainement;0;1;3;1;0
cercueil;1;0;0;1;3
carte;0;0;2;2;0
carrière;0;1;0;1;2
cardinal;0;2;0;3;0
canal;1;0;2;2;1
cachet;0;0;0;4;0
buste;0;1;0;5;0
brûlant;3;0;0;0;0
broder;0;4;1;0;0
boutique;0;2;0;0;1
bassesse;0;0;0;3;1
balancer;0;2;1;1;0
baguette;1;0;1;0;1
avide;0;0;0;1;2
avarice;6;0;0;0;0
audace;1;1;0;1;1
attribut;1;1;0;0;4
article;0;1;0;3;1
arranger;0;1;1;4;0
approfondi;0;5;0;0;0
applaudissement;1;0;0;1;2
annonce;0;2;1;1;2
andalou;0;0;6;0;0
ancêtre;2;1;1;1;1
amoureux;1;2;1;0;2
amiral;0;0;3;0;0
aide;0;2;1;0;0
agrément;1;1;0;4;0
agité;1;0;2;0;1
affaiblir;6;0;0;0;0
adresser;0;1;1;1;1
adresse;1;1;1;0;1
actif;0;1;0;0;5
accumuler;0;1;0;2;1
accident;1;1;2;1;0
absurde;2;0;0;0;4
abondant;1;0;0;3;1
évidence;0;4;0;1;0
évanouir;0;0;2;0;1
éternité;0;0;0;0;5
étaler;1;1;0;0;2
édit;4;0;0;1;0
écouler;2;0;1;0;1
violence;4;0;0;0;1
ventre;0;0;4;0;0
université;0;0;2;1;0
unanime;2;1;0;1;1
troupeau;1;0;1;0;2
trouble;3;0;0;1;1
triomphe;1;0;0;1;2
traduire;0;2;1;0;0
tourment;2;0;0;0;3
tort;2;1;0;2;0
taire;1;1;1;0;0
tache;0;0;1;0;3
sérail;0;1;2;0;0
séduire;0;3;1;0;0
sécher;1;0;1;1;1
sur_le_champ;0;0;4;0;0
spacieux;0;0;0;4;0
souiller;1;1;0;1;0
sonner;1;0;2;0;0
sixième;0;0;3;0;0
situation;0;1;0;1;1
sire;0;0;5;0;0
simplicité;0;2;0;1;1
serpent;0;0;1;0;4
serein;0;0;0;0;5
sensation;2;0;0;1;2
semer;0;0;0;0;4
semaine;1;0;1;1;0
secourir;1;0;1;0;1
secouer;1;0;0;1;2
saison;1;0;0;0;2
sacrifier;4;0;0;0;0
révoltant;1;0;0;2;1
résider;3;0;0;0;2
réjouir;1;0;0;2;1
réfugier;1;0;2;0;0
ruisseau;1;0;2;0;1
roue;1;0;0;1;1
ronde;0;0;0;2;1
romain;1;2;0;2;0
ressentir;0;0;1;0;3
renoncer;0;2;2;0;0
renommée;0;0;0;4;1
renfermé;0;1;0;2;0
renaître;0;0;0;0;3
regret;0;2;0;2;1
redoutable;2;0;0;0;2
ravir;0;0;2;1;0
racheter;0;1;2;1;0
quantité;1;1;1;0;0
prévoir;0;3;1;0;0
précisément;1;1;0;0;1
précipice;1;0;1;1;0
prudent;0;0;4;1;0
provincial;0;0;3;0;0
propriété;1;2;0;1;0
propreté;0;0;1;3;0
proie;0;0;0;3;1
profession;4;0;1;0;0
prodigieusement;0;1;1;1;0
procès;1;2;0;2;0
presser;0;0;0;2;1
pratiquer;0;2;0;2;0
pratique;1;3;0;0;0
prairie;0;0;3;0;0
portée;0;0;1;1;1
ponte;0;0;3;1;1
pompeux;1;2;0;0;1
poche;0;0;4;0;0
plaie;2;0;0;1;0
plaider;1;3;0;0;0
philosophique;0;5;0;0;0
perspective;1;0;0;1;1
perroquet;1;0;2;0;0
pencher;1;3;1;0;0
parlement;0;0;0;5;0
paresse;1;0;0;2;1
paisiblement;0;0;0;2;1
oubli;0;0;0;2;1
os;1;0;0;1;1
odeur;0;0;0;3;0
objection;2;0;0;1;0
nuage;0;0;0;0;3
notion;1;4;0;0;0
nier;0;1;1;0;1
nager;0;0;3;0;2
mutuellement;0;0;0;1;3
mosquée;0;0;3;1;0
moquer;1;0;3;1;0
meurtrier;0;1;1;0;2
maxime;1;1;1;0;0
mathématique;0;2;0;3;0
masque;1;1;0;1;1
légume;1;0;1;0;2
légitime;5;0;0;0;0
lâcher;1;1;1;1;0
là_haut;0;0;0;4;0
louvre;0;0;0;5;0
loisir;1;1;0;1;0
logis;0;0;2;1;2
littérature;0;1;1;3;0
ligne;2;1;0;2;0
librement;1;0;0;2;0
laurier;0;1;0;3;0
lasser;0;0;4;1;0
lait;0;0;0;0;3
jusques;4;0;0;0;0
inébranlable;1;2;0;0;1
introduire;1;0;2;0;0
insulter;4;1;0;0;0
insensibilité;4;0;0;0;1
inscription;0;0;0;5;0
indigent;2;0;0;1;0
indigence;1;2;0;0;0
indifférent;2;1;0;0;2
hôtel;0;1;1;3;0
héritier;0;0;0;0;4
horriblement;0;0;5;0;0
homicide;1;0;0;0;3
génération;0;1;0;1;2
gravure;0;4;0;0;0
glorieux;0;0;0;0;3
frotter;0;0;3;1;0
frivole;1;0;0;1;1
franchir;1;1;1;0;2
fosse;0;0;0;0;4
formidable;1;1;0;0;1
forfait;1;0;0;0;2
flot;1;0;0;0;4
flatteur;2;0;0;0;2
firmament;0;0;0;0;5
fesse;0;0;4;0;0
fendre;0;0;2;0;1
exiger;2;1;0;0;0
exemplaire;1;2;0;0;1
entièrement;0;2;1;0;0
entendement;0;3;0;0;0
enrichir;1;1;0;0;2
ennuyeux;0;0;0;3;0
endroit;0;0;0;3;2
enchanté;0;0;0;4;0
empresser;0;1;1;2;1
empressement;1;0;3;0;0
emparer;0;2;1;0;0
dévoiler;1;1;0;0;2
désastre;0;0;2;2;0
dérober;0;0;1;2;2
dépôt;4;1;0;0;0
député;4;1;0;0;0
dépouiller;1;1;0;0;1
démontrer;0;0;4;0;0
délit;1;3;0;0;0
dorado;0;0;5;0;0
domaine;0;0;0;4;0
dicter;0;2;0;1;1
diadème;2;0;0;0;3
dessécher;2;0;0;1;0
description;1;0;1;2;0
descendont;1;1;0;1;1
derviche;0;0;4;0;0
dent;0;0;3;0;1
célébrer;1;1;0;2;0
célèbre;0;2;0;2;0
course;0;1;2;2;0
courber;3;0;0;1;0
continuel;0;0;0;5;0
conservateur;0;0;0;1;4
connaitre;1;1;0;1;2
congé;1;0;3;0;0
confus;0;1;1;2;0
confrère;0;0;0;2;1
concert;0;0;1;2;1
concentrer;4;0;0;0;1
commission;0;2;1;1;0
commencement;0;1;1;2;0
comble;1;1;0;0;1
collection;1;3;0;0;0
colibri;0;0;5;0;0
coffre;0;0;0;4;0
châtiment;4;0;0;0;0
chocolat;0;1;4;0;0
charmer;2;0;2;0;0
caresser;0;0;2;1;2
cantique;0;0;0;0;5
bâtiment;0;1;0;2;1
broche;0;0;5;0;0
brisé;2;0;0;0;2
bourreau;1;2;0;0;1
boue;1;1;1;1;0
blesser;1;1;0;0;1
bienfaiteur;1;0;1;0;2
bienfait;0;1;0;1;1
avocat;0;1;1;0;2
avertir;1;0;3;0;1
autel;1;0;1;1;1
attitude;0;1;0;0;4
arrivée;0;0;1;1;1
armoire;0;1;0;2;0
approbation;1;0;0;3;0
allégresse;1;0;1;0;3
aigle;0;0;0;0;4
admettre;0;3;0;2;0
activité;2;1;0;0;1
accord;1;3;0;0;1
accommoder;1;1;2;0;0
abîme;0;0;1;0;2
abréger;0;2;0;2;0
éveiller;0;0;0;2;1