candide;372;adj
voir;127;ver
cunégonde;125;nr
martin;110;nom
homme;103;nom
pangloss;98;nr
aller;96;ver
cacambo;85;nr
grand;79;adj
donner;72;ver
beau;67;adj
prendre;63;ver
monde;60;nom
vieux;59;adj
mettre;58;ver
baron;55;nom
roi;51;nom
trouver;50;ver
parler;46;ver
mademoiselle;46;nom
jour;46;nom
pays;45;nom
répondre;44;ver
vaisseau;42;nom
maître;42;nom
cher;40;adj
terre;39;nom
venir;38;ver
tuer;37;ver
petit;36;adj
passer;36;ver
père;35;nom
demander;35;ver
mener;34;ver
manger;34;ver
fille;34;nom
chose;33;nom
arriver;33;ver
rester;32;ver
jésuite;32;nom
femme;32;nom
chapitre;32;nom
mouton;31;nom
coup;30;nom
bulgare;30;nom
temps;29;nom
château;29;nom
aimer;28;ver
venise;27;nom
pied;27;nom
oeil;27;nom
perdre;26;ver
mourir;26;ver
gens;26;nom
premier;25;adj
frère;25;nom
fois;25;nom
recevoir;24;ver
entendre;24;ver
dieu;24;nom
diamant;24;nom
abbé;24;nom
étranger;23;nom
souper;23;ver
regarder;23;ver
plaisir;23;nom
paraître;23;ver
jeter;23;ver
ville;22;nom
ami;22;nom
soeur;21;nom
pendre;21;ver
partir;21;ver
jeune;21;adj
inquisiteur;21;nom
entrer;21;ver
dame;21;nom
capitaine;21;nom
avouer;21;ver
raison;20;nom
peine;20;nom
mère;20;nom
maison;20;nom
main;20;nom
laisser;20;ver
état;19;nom
vie;19;nom
sortir;19;ver
servir;19;ver
rendre;19;ver
livre;19;nom
devenir;19;ver
aventure;19;nom
voler;18;ver
revenir;18;ver
porte;18;nom
payer;18;ver
patron;18;nom
mort;18;nom
meilleur;18;adj
bout;18;nom
attendre;18;ver
écrier;17;ver
vivre;17;ver
valoir;17;ver
tête;17;nom
tomber;17;ver
table;17;nom
penser;17;ver
paqueter;17;ver
mot;17;nom
juif;17;adj
espagnol;17;nom
connaître;17;ver
approcher;17;ver
vendre;16;ver
tenir;16;ver
reprendre;16;ver
philosophe;16;nom
parole;16;nom
moment;16;nom
honneur;16;nom
droit;16;nom
coeur;16;nom
traiter;15;ver
sentir;15;ver
prince;15;nom
possible;15;adj
pococurante;15;nr
piastre;15;nom
naître;15;ver
larme;15;nom
doute;15;nom
appeler;15;ver
apercevoir;15;ver
étonner;14;ver
épouser;14;ver
vrai;14;adj
soldat;14;nom
savant;14;nom
révérend;14;nom
retourner;14;ver
plaire;14;ver
noir;14;adj
mer;14;nom
majesté;14;nom
jouer;14;ver
guerre;14;nom
esprit;14;nom
enfant;14;nom
effet;14;nom
discours;14;nom
courir;14;ver
aussitôt;14;adv
argent;14;nom
apprendre;14;ver
vérité;13;nom
vieillard;13;nom
valet;13;nom
tirer;13;ver
suivre;13;ver
porter;13;ver
mauvais;13;adj
malheur;13;nom
heure;13;nom
europe;13;nr
envoyer;13;ver
embrasser;13;ver
eldorado;13;nom
constantinople;13;nr
ciel;13;nom
cheval;13;nom
buenos;13;nr
ayres;13;nr
âme;12;nom
village;12;nom
revoir;12;ver
présenter;12;ver
présent;12;adj
pleurer;12;ver
pari;12;nom
nouveau;12;adj
manquer;12;ver
gros;12;adj
gouverneur;12;nom
france;12;nr
docteur;12;nom
continuer;12;ver
bras;12;nom
bientôt;12;adv
éprouver;11;ver
turc;11;adj
tronckh;11;nr
thunder;11;nr
ten;11;nr
seigneur;11;nom
répliquer;11;ver
royaume;11;nom
rencontrer;11;ver
périgourdin;11;adj
pièce;11;nom
nommer;11;ver
mois;11;nom
marcher;11;ver
long;11;adj
honnête;11;adj
hollandais;11;nom
dîner;11;nom
don;11;nom
côté;11;nom
couper;11;ver
corps;11;nom
conter;11;ver
commandant;11;nom
cause;11;nom
cabaret;11;nom
brûler;11;ver
auprès_de;11;nr
anabaptiste;11;adj
amour;11;nom
air;11;nom
westphalie;10;nr
voyage;10;nom
violer;10;ver
travailler;10;ver
soin;10;nom
singe;10;nom
seulement;10;adv
seul;10;adj
rouge;10;adj
retrouver;10;ver
ramasser;10;ver
raisonner;10;ver
quartier;10;nom
pauvre;10;adj
nature;10;nom
mériter;10;ver
moitié;10;nom
milieu;10;nom
marquis;10;nom
malheureux;10;adj
joli;10;adj
horrible;10;adj
heureux;10;adj
haut;10;adj
garder;10;ver
galer;10;nom
gagner;10;ver
français;10;nom
fils;10;nom
extrême;10;adj
espèce;10;nom
disputer;10;ver
conduire;10;ver
chasser;10;ver
charger;10;ver
carnaval;10;nom
bruit;10;nom
boire;10;ver
assurer;10;ver
appartenir;10;ver
ancien;10;adj
allemand;10;nom
élevé;9;adj
écrire;9;ver
écouter;9;ver
voyageur;9;nom
voisin;9;nom
usage;9;nom
tragédie;9;nom
surprise;9;nom
prouver;9;ver
prison;9;nom
portugal;9;nr
place;9;nom
palais;9;nom
oser;9;ver
marchand;9;nom
louer;9;ver
lisbonne;9;nr
lire;9;ver
jacques;9;nom
italie;9;nr
issachar;9;nr
idée;9;nom
histoire;9;nom
général;9;nom
goût;9;nom
giroflée;9;nom
esclave;9;nom
diable;9;nom
crier;9;ver
beauté;9;nom
baiser;9;ver
apporter;9;ver
amener;9;ver
affaire;9;nom
acteur;9;nom
aborder;9;ver
épée;8;nom
théatin;8;nr
tantôt;8;adv
surinam;8;nr
soutenir;8;ver
sage;8;adj
rire;8;ver
remettre;8;ver
prêt;8;adj
prétendre;8;ver
province;8;nom
physique;8;adj
peuple;8;nom
partie;8;nom
part;8;nom
oreillon;8;nom
oreille;8;nom
nègre;8;nom
nu;8;adj
moine;8;nom
maîtresse;8;nom
matelot;8;nom
lieue;8;nom
liberté;8;nom
lever;8;ver
laid;8;adj
jardin;8;nom
horreur;8;nom
guérir;8;ver
galère;8;nom
fin;8;nom
faim;8;nom
embarquer;8;ver
douleur;8;nom
cri;8;nom
couvrir;8;ver
commun;8;adj
chrétien;8;adj
bordeaux;8;adj
bonheur;8;nom
blanc;8;nom
arrêter;8;ver
année;8;nom
acheter;8;ver
étrange;7;adj
étendre;7;ver
épouvantable;7;adj
âge;7;nom
voile;7;nom
verser;7;ver
troisième;7;adj
tremblement;7;nom
travers;7;nom
souverain;7;nom
souffrir;7;ver
soir;7;nom
saint;7;nom
robe;7;nom
périr;7;ver
public;7;nom
prêtre;7;nom
prier;7;ver
port;7;nom
pierreries;7;nom
pain;7;nom
ouvrir;7;ver
officier;7;nom
nouvelle;7;adj
noble;7;adj
métier;7;nom
médecin;7;nom
montagne;7;nom
misère;7;nom
marché;7;nom
loi;7;nom
lit;7;nom
langue;7;nom
joie;7;nom
hôtellerie;7;nom
hôte;7;nom
fé;7;nr
fortune;7;nom
feu;7;nom
fesser;7;ver
espérer;7;ver
empereur;7;nom
domestique;7;nom
damoiseau;7;nom
conclure;7;ver
chemin;7;nom
chanter;7;ver
canon;7;nom
caillou;7;nom
cadix;7;nr
battre;7;ver
auto;7;nom
aisément;7;adv
agréable;7;adj
voix;6;nom
visage;6;nom
vin;6;nom
triste;6;adj
trembler;6;ver
traîner;6;ver
tendrement;6;adv
tendre;6;adj
sultan;6;nom
suffisant;6;adj
spectacle;6;nom
souvenir;6;ver
sottise;6;nom
songer;6;ver
rivage;6;nom
repas;6;nom
redoubler;6;ver
quitter;6;ver
quatrième;6;adj
quart;6;nom
prix;6;nom
plaindre;6;ver
peur;6;nom
pape;6;nom
offrir;6;ver
occuper;6;ver
nez;6;nom
naturel;6;adj
métairie;6;nom
moeurs;6;nom
misérable;6;adj
manière;6;nom
maladie;6;nom
lieu;6;nom
levanti;6;nr
lettre;6;nom
justice;6;nom
jurer;6;ver
juge;6;nom
jambe;6;nom
informer;6;ver
habitant;6;nom
gueux;6;nom
gorge;6;nom
gauche;6;nom
former;6;ver
expliquer;6;ver
exempt;6;adj
espagne;6;nr
ensemble;6;adv
ennemi;6;nom
engager;6;ver
enfuir;6;ver
empêcher;6;ver
déterminer;6;ver
désespoir;6;nom
dégoûter;6;ver
dernier;6;adj
demeurer;6;ver
cordelier;6;nom
coquin;6;nom
content;6;adj
consoler;6;ver
commencer;6;ver
chirurgien;6;nom
brillant;6;adj
bord;6;nom
besoin;6;nom
baguette;6;nom
avis;6;nom
autrement;6;adv
attentivement;6;adv
attention;6;nom
angleterre;6;nom
anglais;6;nom
andalou;6;nom
amiral;6;nom
amant;6;nom
allemagne;6;nom
achmet;6;nr
achever;6;ver
accompagner;6;ver
égorger;5;ver
édouard;5;nr
voisinage;5;nom
ventre;5;nom
univers;5;nom
tour;5;nom
toucher;5;ver
terme;5;nom
sénateur;5;nom
sur_le_champ;5;adv
sujet;5;nom
st;5;nr
sixième;5;adj
simple;5;adj
signe;5;nom
sauver;5;ver
saisir;5;ver
répandre;5;ver
ruine;5;nom
route;5;nom
rougir;5;ver
rome;5;nr
rocher;5;nom
riche;5;adj
remercier;5;ver
religion;5;nom
rang;5;nom
ramer;5;ver
ramener;5;ver
rage;5;nom
quoiqu;5;nr
querelle;5;nom
préparer;5;ver
providence;5;nom
proposer;5;ver
propos;5;nom
promener;5;ver
profond;5;adj
produire;5;ver
poète;5;nom
ponte;5;nom
plat;5;adj
pitié;5;nom
pirate;5;nom
patrie;5;nom
particulier;5;adj
parent;5;nom
paraguay;5;nr
padres;5;nr
ordre;5;nom
ordonner;5;ver
obliger;5;ver
nuit;5;nom
nom;5;nom
nerf;5;nom
nation;5;nom
musique;5;nom
mourant;5;nom
moral;5;nom
monter;5;ver
los;5;nom
libre;5;adj
héros;5;nom
horriblement;5;adv
habit;5;nom
gouvernement;5;nom
genou;5;nom
frapper;5;ver
fou;5;adj
fond;5;nom
fidèle;5;adj
feuillée;5;nom
fesse;5;nom
famille;5;nom
faiblesse;5;nom
excellent;5;adj
excellence;5;nom
eunuque;5;nom
essuyer;5;ver
entourer;5;ver
enterrer;5;ver
enfoncer;5;ver
emporter;5;ver
empire;5;nom
eau;5;nom
dévorer;5;ver
doux;5;adj
douter;5;ver
dormir;5;ver
dorado;5;nr
doigt;5;nom
destinée;5;nom
derviche;5;nom
côte;5;nom
cérémonie;5;nom
curiosité;5;nom
curieux;5;adj
créature;5;nom
craindre;5;ver
cour;5;nom
coucher;5;ver
cou;5;nom
corsaire;5;nom
convive;5;nom
conversation;5;nom
convenir;5;ver
conseil;5;nom
connaissance;5;nom
condition;5;nom
chien;5;nom
chercher;5;ver
charles;5;nr
chambre;5;nom
certainement;5;adv
cabinet;5;nom
broche;5;nom
bas;5;adj
baigner;5;ver
avancer;5;ver
arme;5;nom
afrique;5;nr
admirable;5;adj
abominable;5;adj
abares;5;nr
abandonner;5;ver
église;4;nom
écuelle;4;nom
âgé;4;adj
vénitien;4;adj
voyager;4;ver
vilain;4;adj
vertu;4;nom
vent;4;nom
vanderdendur;4;nr
utile;4;adj
turquie;4;nr
trésor;4;nom
troupe;4;nom
transporter;4;ver
tournant;4;nom
théâtre;4;nom
théologie;4;nom
taille;4;nom
tableau;4;nom
séparer;4;ver
surprendre;4;ver
suite;4;nom
sire;4;nom
singulier;4;adj
servant;4;nom
sermon;4;nom
sequin;4;nom
semaine;4;nom
secret;4;nom
secourir;4;ver
second;4;adj
scène;4;nom
science;4;nom
santé;4;nom
sanglant;4;adj
sang_froid;4;nom
sang;4;nom
saluer;4;ver
salle;4;nom
saient;4;nr
réparer;4;ver
réflexion;4;nom
réduire;4;ver
russe;4;nom
rue;4;nom
rivière;4;nom
retirer;4;ver
renverser;4;ver
remarquer;4;ver
recommander;4;ver
raconter;4;ver
question;4;nom
péché;4;nom
pur;4;adj
précipice;4;nom
prudent;4;adj
provision;4;nom
promettre;4;ver
prodige;4;nom
poliment;4;adv
pierre;4;nom
personnage;4;nom
permission;4;nom
permettre;4;ver
peau;4;nom
passion;4;nom
passager;4;nom
partager;4;ver
parfaitement;4;adv
pareil;4;adj
palet;4;nom
oublier;4;ver
oiseau;4;nom
nécessaire;4;adj
mêler;4;ver
maudit;4;adj
matière;4;nom
maroc;4;nr
logis;4;nom
lasser;4;ver
laquais;4;nom
juger;4;ver
jeu;4;nom
janissaire;4;nom
ivan;4;nr
inviter;4;ver
inspirer;4;ver
inquiétude;4;nom
inquisition;4;nom
iman;4;nom
humeur;4;nom
hollande;4;nom
harmonie;4;nom
habiter;4;ver
gondolier;4;nom
garçon;4;nom
fureur;4;nom
fuir;4;ver
fruit;4;nom
frotter;4;ver
fripon;4;nom
frais;4;adj
foule;4;nom
fouetter;4;ver
forçat;4;nom
foi;4;nom
flamme;4;nom
figure;4;nom
fermer;4;ver
fenêtre;4;nom
fait;4;nom
faible;4;adj
extraordinaire;4;adj
exercice;4;nom
exercer;4;ver
espérance;4;nom
envie;4;nom
entier;4;adj
enseigner;4;ver
ennui;4;nom
enlever;4;ver
enfer;4;nom
enchaîner;4;ver
dévot;4;adj
détrôné;4;adj
détruire;4;ver
détestable;4;adj
démontrer;4;ver
délivrer;4;ver
déjeuner;4;nom
dur;4;adj
disséquer;4;ver
dieppe;4;nr
dent;4;nom
cultiver;4;ver
crime;4;nom
coûter;4;ver
couleur;4;nom
couler;4;ver
consulter;4;ver
congé;4;nom
concevoir;4;ver
compter;4;ver
compte;4;nom
composer;4;ver
compagnon;4;nom
compagnie;4;nom
commettre;4;ver
commerce;4;nom
commander;4;ver
combattre;4;ver
combat;4;nom
colibri;4;nom
cinquième;4;adj
chocolat;4;nom
charmant;4;adj
causer;4;ver
carte;4;nom
canapé;4;nom
bouche;4;nom
bonté;4;nom
bel;4;adj
basané;4;adj
auteur;4;nom
art;4;nom
arracher;4;ver
arbre;4;nom
amérique;4;nom
alger;4;nr
aise;4;nom
agité;4;adj
advenir;4;ver
accabler;4;ver
absolument;4;adv
ôter;3;ver
événement;3;nom
évanouir;3;ver
étendue;3;nom
émouvoir;3;ver
émeraude;3;nom
élever;3;ver
égal;3;adj
écu;3;nom
éclat;3;nom
voûte;3;nom
volonté;3;nom
voirie;3;nom
vizir;3;nom
vivant;3;adj
visite;3;nom
virer;3;ver
violent;3;adj
user;3;ver
témoin;3;nom
trône;3;nom
traverser;3;ver
transylvanie;3;nr
tourner;3;ver
tillac;3;nom
tempête;3;nom
tas;3;nom
sérail;3;nom
système;3;nom
sucre;3;nom
subsister;3;ver
sublime;3;adj
souza;3;nr
sourire;3;ver
soupçonner;3;ver
souhaiter;3;ver
soucier;3;ver
sot;3;nom
sorte;3;nom
soleil;3;nom
silence;3;nom
signifier;3;ver
serpent;3;nom
serment;3;nom
sergent;3;nom
sentiment;3;nom
sauvage;3;adj
sauter;3;ver
satisfaire;3;ver
résoudre;3;ver
résister;3;ver
régiment;3;nom
ruisseau;3;nom
rudement;3;adv
rubis;3;nom
rompre;3;ver
rival;3;nom
revendre;3;ver
ressembler;3;ver
respect;3;nom
représenter;3;ver
remplir;3;ver
remonter;3;ver
reine;3;nom
reconnaître;3;ver
ravir;3;ver
rançon;3;nom
raisonnement;3;nom
rade;3;nom
racheter;3;ver
punir;3;ver
puissant;3;adj
présence;3;nom
précisément;3;adv
précepteur;3;nom
provincial;3;adj
propontide;3;nr
prononcer;3;ver
proférer;3;ver
prodigieux;3;adj
procédé;3;nom
procurer;3;ver
principe;3;nom
prairie;3;nom
pourvoir;3;ver
posséder;3;ver
portugais;3;nom
portsmouth;3;nr
portant;3;adj
pommade;3;nom
politesse;3;nom
poche;3;nom
plutôt;3;adv
planche;3;nom
placer;3;ver
pistole;3;nom
piquer;3;ver
philosophie;3;nom
peser;3;ver
persuader;3;ver
perroquet;3;nom
passage;3;nom
pardonner;3;ver
parcourir;3;ver
paravent;3;nom
paradis;3;nom
palestrine;3;nr
page;3;nom
orné;3;adj
orner;3;ver
ordinaire;3;adj
orateur;3;nom
opéra;3;nom
oeuvre;3;nom
occasion;3;nom
obtenir;3;ver
observer;3;ver
nécessairement;3;adv
noyer;3;ver
nourrir;3;ver
nombre;3;nom
noce;3;nom
naissance;3;nom
nager;3;ver
métaphysicien;3;nom
mépriser;3;ver
mémoire;3;nom
mélancolie;3;nom
musicien;3;nom
muphti;3;nom
mulâtre;3;nom
moyen;3;nom
moquer;3;ver
monstre;3;nom
monnaie;3;nom
monarque;3;nom
mode;3;nom
mitre;3;nom
messe;3;nom
merveille;3;nom
matin;3;nom
mascarenes;3;nr
marier;3;ver
manichéen;3;adj
machine;3;nom
lunette;3;nom
lumière;3;nom
loger;3;ver
livrer;3;ver
liqueur;3;nom
lier;3;ver
large;3;adj
lampourdos;3;nr
jugement;3;nom
jouir;3;ver
italien;3;adj
instant;3;nom
innocence;3;nom
innocemment;3;adv
injustice;3;nom
infortuné;3;adj
infortune;3;nom
incontinent;3;adj
inconnu;3;nom
incision;3;nom
impossible;3;adj
importer;3;ver
impitoyablement;3;adv
immense;3;adj
imaginer;3;ver
ignorant;3;adj
ibaraa;3;nr
hésiter;3;ver
humblement;3;adv
humain;3;adj
honorer;3;ver
henri;3;nr
génie;3;nom
gageure;3;nom
funeste;3;adj
fontaine;3;nom
flotte;3;nom
figurer;3;ver
figueora;3;nr
fierté;3;nom
fernando;3;nr
fendre;3;ver
faveur;3;nom
faux;3;adj
fatigue;3;nom
familier;3;adj
fameux;3;adj
exécuter;3;ver
expérience;3;nom
exposer;3;ver
escalier;3;nom
endroit;3;nom
empressement;3;nom
emparer;3;ver
détrônés;3;nr
désespérer;3;ver
délicieux;3;adj
défendre;3;ver
découvrir;3;ver
décider;3;ver
droite;3;nom
distinguer;3;ver
dimanche;3;nom
difficile;3;adj
dey;3;nom
deviner;3;ver
dessein;3;nom
césar;3;nom
cul;3;nom
cuisine;3;nom
cruel;3;adj
crucial;3;adj
couteau;3;nom
convulsion;3;nom
continuellement;3;adv
continuel;3;adj
colère;3;nom
chevalier;3;nom
chef;3;nom
chagrin;3;nom
cesse;3;nom
cayenne;3;nom
casser;3;ver
carrosse;3;nom
caresser;3;ver
canaille;3;nom
campagne;3;nom
café;3;nom
cacher;3;ver
bénir;3;ver
bâton;3;nom
brutal;3;adj
briller;3;ver
brave;3;adj
bouquet;3;nom
bois;3;nom
boeuf;3;nom
bleu;3;adj
biscayen;3;nr
benito;3;nr
baïonnette;3;nom
bateau;3;nom
barrière;3;nom
barque;3;nom
barbare;3;nom
banquier;3;nom
banc;3;nom
aviser;3;ver
avertir;3;ver
avantage;3;nom
attraper;3;ver
attaquer;3;ver
assiéger;3;ver
arrivée;3;nom
armée;3;nom
appartement;3;nom
aider;3;ver
aide;3;nom
agir;3;ver
affreux;3;adj
affliger;3;ver
adorer;3;ver
action;3;nom
accourir;3;ver
accommoder;3;ver
accepter;3;ver
abîmer;3;ver
île;2;nom
éventrer;2;ver
étrangler;2;ver
étoffe;2;nom
éternel;2;adj
établir;2;ver
étable;2;nom
éraillé;2;adj
équiper;2;ver
épreuve;2;nom
époux;2;nom
épervier;2;nom
éperdre;2;ver
épaule;2;nom
énorme;2;adj
émotion;2;nom
éloigner;2;ver
élargir;2;ver
égarer;2;ver
écurie;2;nom
écot;2;nom
écorce;2;nom
échapper;2;ver
vêtir;2;ver
vraiment;2;adv
volume;2;nom
voeu;2;nom
vinaigre;2;nom
vif;2;adj
vert;2;adj
venger;2;ver
vase;2;nom
valeur;2;nom
université;2;nom
universel;2;adj
téméraire;2;adj
témoigner;2;ver
tucuman;2;nr
tromper;2;ver
tristement;2;adv
tripoli;2;nom
trentaine;2;nom
tremblant;2;adj
travail;2;nom
tort;2;nom
toile;2;nom
tigre;2;nom
théodore;2;nr
tenter;2;ver
tasse;2;nom
talent;2;nom
tailler;2;ver
tache;2;nom
séduire;2;ver
surlendemain;2;nom
supérieur;2;adj
submerger;2;ver
stupéfait;2;adj
souris;2;nom
sourcil;2;nom
source;2;nom
soupir;2;nom
souffler;2;ver
sonnet;2;nom
solide;2;adj
socinien;2;nr
smyrne;2;nr
siège;2;nom
siècle;2;nom
situation;2;nom
siffler;2;ver
sexe;2;nom
service;2;nom
serviable;2;adj
senza;2;nr
selle;2;nom
secousse;2;nom
secours;2;nom
seconde;2;nom
sciagura;2;nr
samos;2;nr
saisie;2;nom
saigner;2;ver
sabbat;2;nom
rôti;2;nom
révérence;2;nom
réveil;2;nom
résigner;2;ver
réponse;2;nom
rémission;2;nom
réfugier;2;ver
royal;2;adj
rouer;2;ver
rose;2;adj
roman;2;nom
roche;2;nom
rimer;2;ver
ridicule;2;adj
rideau;2;nom
richesse;2;nom
richard;2;adj
revue;2;nom
revers;2;nom
retenir;2;ver
resserrer;2;ver
respecter;2;ver
respectable;2;adj
repos;2;nom
reparaître;2;ver
renvoyer;2;ver
rentrer;2;ver
renoncer;2;ver
renfermer;2;ver
rendez_vous;2;nom
rencontre;2;nom
remuer;2;ver
rempli;2;adj
remords;2;nom
rembrunie;2;nr
relever;2;ver
refuser;2;ver
refermer;2;ver
reculer;2;ver
recueillir;2;ver
recueil;2;nom
reconduire;2;ver
rebuter;2;ver
rare;2;adj
rapporter;2;ver
rapide;2;adj
raisonneur;2;nom
raisonnable;2;adj
rafraîchissement;2;nom
queue;2;nom
pus;2;adj
prêcher;2;ver
préétabli;2;adj
présumer;2;ver
préférable;2;adj
précieux;2;adj
près_de;2;adv
prosterner;2;ver
proprement;2;adv
propre;2;adj
proposition;2;nom
profondément;2;adv
profiter;2;ver
prodigieusement;2;adv
procès;2;nom
probable;2;adj
prière;2;nom
privé;2;adj
privilège;2;nom
prisonnier;2;nom
prieur;2;adj
pousser;2;ver
potelé;2;adj
politique;2;adj
polaque;2;nom
plume;2;nom
plante;2;nom
plaisanterie;2;nom
plaisant;2;adj
plaider;2;ver
pistache;2;nom
pieux;2;adj
physionomie;2;nom
physicien;2;nom
pharaon;2;nom
perle;2;nom
percer;2;ver
pauvreté;2;nom
paupière;2;nom
parolignac;2;nr
parlement;2;nom
paraguains;2;nr
parade;2;nom
palpiter;2;ver
palpitant;2;adj
padoue;2;nr
ouvrage;2;nom
ours;2;nom
orgueil;2;nom
oranger;2;nom
opération;2;nom
optimisme;2;nom
opposer;2;ver
ombre;2;nom
odeur;2;nom
obéir;2;ver
obscurcir;2;ver
objet;2;nom
nécessité;2;nom
novice;2;nom
normandie;2;nr
neveu;2;nom
neige;2;nom
naïf;2;adj
naturellement;2;adv
métis;2;nom
métaphysique;2;adj
mépris;2;nom
mélanger;2;ver
méditerrané;2;adj
médecine;2;nom
mécontent;2;adj
mât;2;nom
musulman;2;adj
mouvement;2;nom
moustache;2;nom
mouchoir;2;nom
mouche;2;nom
mortel;2;adj
morceau;2;nom
morale;2;nom
monture;2;nom
montrer;2;ver
miracle;2;nom
mine;2;nom
milton;2;nr
mesure;2;nom
maxime;2;nom
maure;2;adj
masser;2;ver
massacrer;2;ver
mariage;2;nom
mari;2;nom
marbre;2;nom
manche;2;nom
malte;2;nr
malade;2;adj
magnificence;2;nom
magister;2;nom
légèrement;2;adv
léger;2;adj
lèvre;2;nom
loup;2;nom
limer;2;ver
ligne;2;nom
libraire;2;nom
leçon;2;nom
laver;2;ver
lassitude;2;nom
lard;2;nom
langage;2;nom
lambris;2;nom
laine;2;nom
jusque_là;2;adv
jusqu_aux;2;nr
journée;2;nom
journal;2;nom
jaune;2;adj
japon;2;nom
jambon;2;nom
jaloux;2;adj
jalousie;2;nom
israélite;2;adj
intérêt;2;nom
introduire;2;ver
intimider;2;ver
intime;2;adj
interprète;2;nom
interdire;2;ver
insolence;2;nom
insipide;2;adj
innocent;2;adj
ingrat;2;nom
infidélité;2;nom
infecter;2;ver
inexprimable;2;adj
indispensable;2;adj
inconcevable;2;adj
inca;2;adj
impertinent;2;nom
impertinence;2;nom
imaginable;2;adj
iii;2;nr
ii;2;nr
icoglan;2;nom
hôpital;2;nom
huile;2;nom
homère;2;nr
haïr;2;ver
hautesse;2;nom
hasard;2;nom
hardiesse;2;nom
habituer;2;ver
habiller;2;ver
génération;2;nom
gâter;2;ver
guère;2;adv
grossier;2;adj
griffe;2;nom
goûter;2;ver
gouverner;2;ver
gloire;2;nom
globe;2;nom
gauchat;2;nr
galerie;2;nom
gai;2;adj
gage;2;nom
fétiche;2;nom
félicité;2;nom
fâcher;2;ver
fuite;2;nom
frémir;2;ver
frontière;2;nom
front;2;nom
fraîcheur;2;nom
fournir;2;ver
fouet;2;nom
forme;2;nom
fondement;2;nom
folliculaire;2;adj
fléau;2;nom
florin;2;nom
fleuve;2;nom
fleur;2;nom
flatter;2;ver
finir;2;ver
filer;2;ver
fier;2;adj
feuille;2;nom
fer;2;nom
faux_bourdon;2;nom
faubourg;2;nom
fange;2;nom
exécration;2;nom
extrêmement;2;adv
extrémité;2;nom
exterminer;2;ver
extase;2;nom
expulser;2;ver
exprès;2;adj
excuser;2;ver
examiner;2;ver
estimer;2;ver
essere;2;nr
entrée;2;nom
entrouvrir;2;ver
entretenir;2;ver
entrecoupé;2;adj
enrager;2;ver
ennuyer;2;ver
engloutir;2;ver
enfermer;2;ver
endormir;2;ver
encourager;2;ver
empresser;2;ver
emmener;2;ver
embarrasser;2;ver
effronté;2;nom
effroi;2;nom
effort;2;nom
efficace;2;adj
effendis;2;nr
effacer;2;ver
détourner;2;ver
désir;2;nom
déshabiller;2;ver
désastre;2;nom
dépouiller;2;ver
déplaire;2;ver
démarche;2;nom
délice;2;nom
dégoûtant;2;adj
défigurer;2;ver
défenseur;2;nom
défaut;2;nom
dédire;2;ver
découverte;2;nom
déclarer;2;ver
déchirer;2;ver
débris;2;nom
débarrasser;2;ver
débarquer;2;ver
douloureux;2;adj
douceur;2;nom
doré;2;adj
doge;2;nom
diviser;2;ver
divertissement;2;nom
disparaître;2;ver
discrétion;2;nom
discorde;2;nom
diligence;2;nom
dignité;2;nom
digne;2;adj
différent;2;adj
différence;2;nom
description;2;nom
descendre;2;ver
demeure;2;nom
dangereux;2;adj
daigner;2;ver
côtoyer;2;ver
cédrat;2;nom
céder;2;ver
cuisinier;2;nom
cuire;2;ver
crédit;2;nom
cristal;2;nom
craient;2;nr
couvent;2;nom
coutume;2;nom
courtisan;2;nom
courant;2;nom
courage;2;nom
corde;2;nom
convaincre;2;ver
contingent;2;nom
conte;2;nom
conséquent;2;adj
considérer;2;ver
confit;2;adj
condamner;2;ver
compostelle;2;nr
complet;2;adj
compassion;2;nom
commère;2;nom
commission;2;nom
commencement;2;nom
colonel;2;nom
colomb;2;nr
collège;2;nom
coin;2;nom
coglioni;2;nr
cochon;2;nom
clin;2;nom
clerc;2;nom
clameur;2;nom
clairon;2;nom
civil;2;adj
chute;2;nom
choisir;2;ver
cheveu;2;nom
chemise;2;nom
chef_d_oeuvre;2;nom
che;2;nr
chaudière;2;nom
charmer;2;ver
charme;2;nom
charité;2;nom
charitable;2;adj
chapelle;2;nom
champ;2;nom
chaise;2;nom
cesser;2;ver
cervelle;2;nom
cendre;2;nom
cas;2;nom
carrara;2;nr
caractère;2;nom
capitale;2;nom
cap;2;nom
canot;2;nom
canne;2;nom
canal;2;nom
canada;2;nom
camp;2;nom
camarade;2;nom
caleçon;2;nom
calamité;2;nom
cadis;2;nr
cadi;2;nom
cachot;2;nom
brocart;2;nom
brigand;2;nom
brenta;2;nr
boyard;2;nom
bouilli;2;adj
boue;2;nom
bordée;2;nom
border;2;ver
bonnet;2;nom
bonhomme;2;nom
bizarre;2;adj
billet;2;nom
bienfaiteur;2;nom
bibliothèque;2;nom
berceau;2;nom
batavia;2;nr
bataille;2;nom
barbier;2;nom
bande;2;nom
balle;2;nom
balancer;2;ver
bagatelle;2;nom
badajoz;2;nr
bachas;2;nr
azof;2;nr
avancé;2;adj
aumônier;2;nom
aumône;2;nom
auberge;2;nom
attacher;2;ver
assurément;2;adv
asseoir;2;ver
assemblée;2;nom
assembler;2;ver
asie;2;nr
arroser;2;ver
arranger;2;ver
arpent;2;nom
arioste;2;nr
archidiacre;2;nom
appliquer;2;ver
applaudir;2;ver
apparemment;2;adv
antéchrist;2;nom
antiquité;2;nom
animal;2;adj
amuser;2;ver
altesse;2;nom
allumer;2;ver
alexandrie;2;nr
alcade;2;nom
ajouter;2;ver
aga;2;nom
adresser;2;ver
adresse;2;nom
admirer;2;ver
accuser;2;ver
accoutumer;2;ver
accorder;2;ver
accident;2;nom
acariâtre;2;adj
académie;2;nom
absolu;2;adj
évidemment;1;adv
éventré;1;adj
évanouissement;1;nom
étourdi;1;adj
étonnant;1;adj
étoile;1;nom
étiquette;1;nom
étincelant;1;adj
équipage;1;nom
épouvanter;1;ver
épingle;1;nom
éperon;1;nom
éperdument;1;adv
éperdu;1;adj
énéide;1;nr
énée;1;nr
énergumène;1;nom
énergique;1;adj
émollients;1;nr
élève;1;nom
éloquence;1;nom
élisabeth;1;nr
élire;1;ver
éla;1;nr
égypte;1;nr
égratignai;1;nr
églon;1;nr
égipan;1;nom
égarement;1;nom
égard;1;nom
également;1;adv
éducation;1;nom
édifice;1;nom
éden;1;nom
écuyer;1;nom
écure;1;nr
écueil;1;nom
écrouler;1;ver
écrivante;1;nr
écrivain;1;nom
écraser;1;ver
écouler;1;ver
école;1;nom
éclater;1;ver
éclatant;1;adj
éclairé;1;adj
éclair;1;nom
échus;1;nr
échine;1;nom
échauffer;1;ver
écarlate;1;adj
écaillé;1;adj
çà;1;adv
zèle;1;nom
zambri;1;nr
z;1;nom
westphalienne;1;nr
westphalien;1;adj
vêtirent;1;nr
vêtement;1;nom
vérolé;1;adj
véritable;1;adj
vérifier;1;ver
vénus;1;nom
vraisemblable;1;adj
vomir;1;ver
volontairement;1;adv
voleur;1;nom
volcan;1;nom
volage;1;adj
voiturier;1;nom
voiture;1;nom
voguèrent;1;nr
vivement;1;adv
vivacité;1;nom
vitriol;1;nom
vitesse;1;nom
vitellius;1;nr
vistule;1;nr
vismar;1;nr
visiblement;1;adv
virgile;1;nr
vingtième;1;adj
vingtaine;1;nom
vingt_troisième;1;adj
vingt_sixième;1;adj
vingt_septième;1;adj
vingt_quatrième;1;adj
vingt_neuvième;1;adj
vingt_huitième;1;adj
vingt_deuxième;1;adj
vingt_cinquième;1;adj
vigoureux;1;adj
vigoureusement;1;adv
vigne;1;nom
vigilant;1;adj
vierge;1;adj
vieillir;1;ver
vieillesse;1;nom
vieil;1;adj
vide;1;adj
victoire;1;nom
vice;1;nom
vicaire;1;nom
vi;1;nr
vertueux;1;adj
versant;1;nom
vermeil;1;adj
verdure;1;nom
venin;1;nom
veine;1;nom
veiller;1;ver
vaste;1;adj
vanité;1;nom
valise;1;nom
valdberghoff;1;nr
vaisselle;1;nom
vainqueur;1;nom
vain;1;adj
vaient;1;nr
vagabond;1;nom
utrecht;1;nr
ut;1;nom
urbain;1;adj
unième;1;adj
unir;1;ver
union;1;nom
tétuan;1;nr
téton;1;nom
tâcher;1;ver
tyrolien;1;adj
tyrannie;1;nom
tunis;1;nr
tulipe;1;nom
tueraient;1;nr
trévoux;1;nr
trublet;1;nr
troupeau;1;nom
troubler;1;ver
trouble;1;nom
trompette;1;nom
troie;1;nr
triompher;1;ver
tribunal;1;nom
trentième;1;adj
treizième;1;adj
treillage;1;nom
traînée;1;nom
traversée;1;nom
travaillé;1;adj
trarbk;1;nr
transport;1;nom
transi;1;adj
trait;1;nom
train;1;nom
trahir;1;ver
trafiquer;1;ver
traduire;1;ver
tracer;1;ver
tracasserie;1;nom
toux;1;nom
tourmenter;1;ver
tourment;1;nom
tourbillon;1;nom
touchant;1;adj
total;1;adj
toit;1;nom
titre;1;nom
tissu;1;nom
timide;1;adj
théologo;1;nr
théatins;1;nr
terrible;1;adj
terrestre;1;adj
tentation;1;nom
teneur;1;nom
te_deum;1;nom
tapisserie;1;nom
tambour;1;nom
taire;1;ver
sûreté;1;nom
sévère;1;adj
sérénissimes;1;nr
sérieux;1;adj
sérieusement;1;adv
sépulture;1;nom
séparément;1;adv
séparation;1;nom
sénèque;1;nr
séjourner;1;ver
séjour;1;nom
sédécias;1;nr
sécher;1;ver
séance;1;nom
syracuse;1;nr
suspendriez;1;nr
suspendre;1;ver
suspect;1;nom
surpasser;1;ver
surface;1;nom
supériorité;1;nom
supportable;1;adj
supplier;1;ver
supplanter;1;ver
suie;1;nom
sucrerie;1;nom
succéder;1;ver
succès;1;nom
subtil;1;adj
subjuguer;1;ver
style;1;nom
stuart;1;nr
stipendiaires;1;nr
sterling;1;adj
statue;1;nom
spiritueuses;1;nr
spectateur;1;nom
soutien;1;nom
sous_diacre;1;nom
souriant;1;adj
soupirer;1;ver
soupe;1;nom
soupassent;1;nr
soulager;1;ver
soufre;1;nom
souffleter;1;ver
souche;1;nom
sou;1;nom
sortie;1;nom
sorcier;1;nom
sorbet;1;nom
sopha;1;nom
sommeil;1;nom
solennellement;1;adv
société;1;nom
sociable;1;adj
sitôt;1;adv
situer;1;ver
sincère;1;adj
simplicité;1;nom
sillon;1;nom
signor;1;nom
sieur;1;nom
sierra;1;nom
siamois;1;nom
señor;1;nom
servitude;1;nom
serviette;1;nom
serrer;1;ver
septième;1;adj
septentrionaux;1;nr
sentinelle;1;nom
sensible;1;adj
sensibilité;1;nom
sembler;1;ver
semblable;1;adj
seller;1;ver
sella;1;nr
seizième;1;nom
secrétaire;1;nom
seconder;1;ver
sec;1;adj
scélérat;1;nom
scutari;1;nr
scrupule;1;nom
scintillation;1;nom
scandaleux;1;adj
scandale;1;nom
sauveur;1;nom
satyre;1;nom
sarmates;1;nr
sanguinaire;1;adj
sangloter;1;ver
samedi;1;nom
salé;1;adj
saler;1;ver
sale;1;adj
saint_pierre;1;nom
saint_germain;1;nom
sacristain;1;nom
sacrement;1;nom
sac;1;nom
sable;1;nom
rôtir;1;ver
rôle;1;nom
rêveur;1;nom
rêverie;1;nom
rêver;1;ver
rêve;1;nom
révolution;1;nom
révolter;1;ver
révolte;1;nom
réussir;1;ver
résolution;1;nom
réserver;1;ver
réserve;1;nom
répétition;1;nom
républicain;1;adj
réitérer;1;ver
régner;1;ver
récréation;1;nom
récompense;1;nom
réchapper;1;ver
réchappa;1;nr
règle;1;nom
rusé;1;adj
russies;1;nr
russie;1;nr
rupilus;1;nr
ruban;1;nom
rouvrir;1;ver
roulis;1;nom
rouler;1;ver
rouiller;1;ver
rotterdam;1;nr
rostock;1;nr
ronger;1;ver
ronde;1;nom
roide;1;adj
robeck;1;nr
risquer;1;ver
riga;1;nr
ridé;1;adj
rhume;1;nom
reçûtes;1;nr
revêtir;1;ver
retuerais;1;nr
retroussé;1;adj
retomber;1;ver
ressouvenir;1;ver
ressource;1;nom
ressemblance;1;nom
respirer;1;ver
respectueux;1;adj
respectueusement;1;adv
requis;1;adj
reprocher;1;ver
replacer;1;ver
repaître;1;ver
repartir;1;ver
renversé;1;adj
renouer;1;ver
renoncule;1;nom
religieux;1;adj
relier;1;ver
regretter;1;ver
regorgé;1;nr
registre;1;nom
refaire;1;ver
recrue;1;nom
recousit;1;nr
reconnaissance;1;nom
recommencer;1;ver
rebattre;1;ver
rayon;1;nom
ravissant;1;adj
ravage;1;nom
rassembler;1;ver
rassasier;1;ver
rapport;1;nom
rappeler;1;ver
rapidité;1;nom
rapidement;1;adv
raphaël;1;nr
rapacité;1;nom
rançonner;1;ver
rangée;1;nom
ramper;1;ver
rame;1;nom
raleigh;1;nr
raisonnèrent;1;nr
ragoût;1;nom
ragotski;1;nr
raccommoder;1;ver
rabirius;1;nr
quinzième;1;nom
quatorzième;1;nom
qualité;1;nom
pétrir;1;ver
pétrifier;1;ver
péruvien;1;adj
pérou;1;nom
périssable;1;adj
péril;1;nom
pâtissier;1;nom
pâtisserie;1;nom
pâmera;1;nr
pâlir;1;ver
pâleur;1;nom
pyrrhus;1;nr
pygmée;1;nom
pustule;1;nom
pureté;1;nom
pupille;1;nom
punition;1;nom
puissance;1;nom
puceau;1;nom
prêcheur;1;nom
prévoir;1;ver
prévenir;1;ver
prétendant;1;nom
prélat;1;nom
préférence;1;nom
prédicant;1;nom
précipiter;1;ver
précipitamment;1;adv
prunelle;1;nom
prudence;1;nom
proue;1;nom
protester;1;ver
promesse;1;nom
promenade;1;nom
prolonger;1;ver
progrès;1;nom
profit;1;nom
profession;1;nom
professeur;1;nom
procédure;1;nom
procéder;1;ver
procès_verbal;1;nom
prochain;1;adj
procession;1;nom
probablement;1;adv
priver;1;ver
printemps;1;nom
principal;1;adj
pressé;1;adj
presser;1;ver
presse;1;nom
pratique;1;nom
poème;1;nom
poussière;1;nom
pourvait;1;nr
poursuivre;1;ver
poursuite;1;nom
pourrir;1;ver
poulet;1;nom
poudre;1;nom
pouce;1;nom
potage;1;nom
pot;1;nom
poster;1;ver
possesseur;1;nom
porto;1;nom
porteur;1;nom
portail;1;nom
porc;1;nom
ponter;1;ver
pomper;1;ver
pompe;1;nom
polonais;1;nom
polir;1;ver
policer;1;ver
poli;1;adj
poing;1;nom
poignard;1;nom
plonger;1;ver
plomb;1;nom
pleur;1;nom
platon;1;nr
planter;1;ver
plaisanter;1;ver
plaie;1;nom
piteux;1;adj
pire;1;adj
piqueur;1;nom
pintade;1;nom
pincer;1;ver
piller;1;ver
pigeon;1;nom
phénomène;1;nom
phrase;1;nom
philosophique;1;adj
philosopher;1;ver
petra;1;nr
petitesse;1;nom
pestiféré;1;nom
pesant;1;adj
pesamment;1;adv
perte;1;nom
persée;1;nr
persécuter;1;ver
perspective;1;nom
perse;1;adj
persan;1;adj
perfide;1;adj
perdu;1;adj
perdrix;1;nom
perclus;1;adj
pensif;1;adj
pendaison;1;nom
pencher;1;ver
penchant;1;nom
peinture;1;nom
peindre;1;ver
payement;1;nom
payable;1;adj
pavé;1;adj
patient;1;nom
patience;1;nom
patiemment;1;adv
pathétique;1;adj
patenôtre;1;nom
patagon;1;nom
passionnément;1;adv
passablement;1;adv
passable;1;adj
partisan;1;nom
parricide;1;nom
parolis;1;nr
parfumèrent;1;nr
parfaire;1;ver
parc;1;nom
paraguain;1;nr
papier;1;nom
panser;1;ver
palus;1;nom
palefrenier;1;nom
paix;1;nom
paisiblement;1;adv
paille;1;nom
ouïr;1;ver
outrer;1;ver
othon;1;nr
ornement;1;nom
originel;1;adj
origine;1;nom
originairement;1;adv
orange;1;nom
orage;1;nom
oracle;1;nom
opprobre;1;nom
opposé;1;nom
oporto;1;nr
operaretur;1;nr
onzième;1;adj
officières;1;nr
officieux;1;adj
oeuf;1;nom
ochosias;1;nr
occupation;1;nom
obstacle;1;nom
obscur;1;adj
obole;1;nom
obligation;1;nom
objection;1;nom
néron;1;nr
négociant;1;nom
nuque;1;nom
noyât;1;nr
noué;1;adj
nourriture;1;nom
notre_dame;1;nom
notable;1;nom
normand;1;adj
nord;1;nom
nombril;1;nom
noisette;1;nom
noblement;1;adv
nigologie;1;nr
nier;1;ver
nicarie;1;nr
neuvième;1;adj
nettoyer;1;ver
net;1;adj
naufrage;1;nom
natal;1;adj
napolitain;1;nom
naples;1;nr
nadab;1;nr
métaphysico;1;nr
méridional;1;adj
méquinez;1;nr
méotides;1;nr
ménage;1;nom
médisance;1;nom
médire;1;ver
médiocre;1;adj
médicis;1;nr
médaille;1;nom
méchant;1;adj
méchanceté;1;nom
mytilène;1;nr
mutuellement;1;adv
muscle;1;nom
muraille;1;nom
mur;1;nom
multitude;1;nom
muley;1;nr
moïse;1;nom
moyadors;1;nr
mousser;1;ver
mousse;1;nom
mousqueterie;1;nom
mouillé;1;adj
mosquée;1;nom
moscou;1;nr
mortis;1;nr
morena;1;nr
mordre;1;ver
mordant;1;nom
monument;1;nom
montepulciano;1;nr
mont;1;nom
monime;1;nr
monastère;1;nom
molinistes;1;nr
moka;1;nom
mogol;1;adj
modestie;1;nom
modestement;1;adv
moderne;1;adj
moda;1;nr
moabites;1;nr
misérablement;1;adv
mission;1;nom
miserere;1;nom
minute;1;nom
minuit;1;nom
milord;1;nom
milo;1;nr
millième;1;nom
millier;1;nom
meute;1;nom
meurtrier;1;nom
meurtre;1;nom
meule;1;nom
messiah;1;nr
merveilleux;1;adj
mercredi;1;nom
menuisier;1;nom
menton;1;nom
mentir;1;ver
menteur;1;nom
mensonge;1;nom
menacer;1;ver
membre;1;nom
mecenas;1;nr
maïs;1;nom
maudire;1;ver
mathématique;1;adj
maternel;1;nom
matelassé;1;adj
matapan;1;nr
masure;1;nom
massue;1;nom
massacre;1;nom
mascarade;1;nom
marseille;1;nr
marque;1;nom
marmot;1;nom
marmora;1;nr
marceau;1;nr
marc;1;nom
maravédis;1;nom
marais;1;nom
manufacture;1;nom
manteau;1;nom
manoeuvre;1;nom
manichéens;1;nr
mandés;1;nr
mamelle;1;nom
malédiction;1;nom
maltraiter;1;ver
malfaisant;1;adj
majestueux;1;adj
mai;1;nom
mahomet;1;nr
mahmoud;1;nr
magnifiquement;1;adv
magnifique;1;adj
madrid;1;nr
macaroni;1;nom
léthargie;1;nom
légume;1;nom
lécher;1;ver
lâcher;1;ver
lâche;1;nom
lyrique;1;adj
lynx;1;nom
lundi;1;nom
lucéna;1;nr
lucifer;1;nr
louable;1;adj
lorgner;1;ver
londres;1;nr
lombardie;1;nr
littérature;1;nom
lion;1;nom
linge;1;nom
limon;1;nom
lieutenant;1;nom
lieutenance;1;nr
libérateur;1;nom
librement;1;adv
leyde;1;nr
leste;1;adj
lemnos;1;nr
leipsick;1;nr
leibnitz;1;nr
lecture;1;nom
lebrixa;1;nr
lavinia;1;nr
lavement;1;nom
latte;1;nom
latinus;1;nr
largeur;1;nom
languir;1;ver
lait;1;nom
laideur;1;nom
lacrima_christi;1;nom
kaïmac;1;nr
jéroboam;1;nom
jéhu;1;nr
jéchonias;1;nr
justement;1;adv
jusqu_aujourd_hui;1;nr
juridiquement;1;adv
jupe;1;nom
jugurtha;1;nr
joïada;1;nr
jouissant;1;adj
joueur;1;nom
joindre;1;ver
joaillier;1;nom
joachim;1;nr
jeton;1;nom
jarretière;1;nom
jargon;1;nom
jardinière;1;nom
japonais;1;nom
janséniste;1;nom
jacobin;1;adj
ivrogne;1;nom
ivoire;1;nom
iv;1;nr
issu;1;adj
israël;1;nr
isolé;1;adj
ismaël;1;nr
invention;1;nom
inventer;1;ver
inutile;1;adj
interrompre;1;ver
interroger;1;ver
intentèrent;1;nr
intendant;1;nom
insupportable;1;adj
insulte;1;nom
instrument;1;nom
instruit;1;adj
instruire;1;ver
instituer;1;ver
insolent;1;adj
insister;1;ver
insensibilité;1;nom
inquiéter;1;ver
inouï;1;adj
inonder;1;ver
inné;1;adj
injure;1;nom
inhumanité;1;nom
ingénieux;1;adj
ingénieur;1;nom
ingrédient;1;nom
inflexible;1;adj
infirme;1;adj
infiniment;1;adv
infanterie;1;nom
infamie;1;nom
infailliblement;1;adv
infaillible;1;adj
inespéré;1;adj
indécis;1;adj
indiquer;1;ver
indifféremment;1;adv
indien;1;nom
incruster;1;ver
incontestable;1;adj
incompatibilité;1;nom
incommoder;1;ver
incarnat;1;nom
inaccessible;1;adj
inabordables;1;nr
impudence;1;nom
imprudemment;1;adv
imprimerie;1;nom
imposant;1;adj
importuner;1;ver
important;1;adj
impoli;1;adj
impitoyable;1;adj
impatient;1;adj
immémorial;1;adj
immensité;1;nom
imiter;1;ver
imitation;1;nom
imitateur;1;nom
imbécile;1;nom
illustrissime;1;adj
illustre;1;adj
illusion;1;nom
ignorer;1;ver
ignominieux;1;adj
ignace;1;nr
ier;1;nr
idylle;1;nom
idolâtrie;1;nom
hôtesse;1;nom
hôtel;1;nom
hérétique;1;nom
héréditaire;1;adj
héroïque;1;adj
hémisphère;1;nom
hélène;1;nr
hébreu;1;nom
hâte;1;nom
hypocrite;1;nom
hyacinthes;1;nr
huitième;1;nom
hospice;1;nom
horizon;1;nom
horde;1;nom
horace;1;nr
honnêtetés;1;nr
hisser;1;ver
heureusement;1;adv
hermandad;1;nr
haye;1;nr
hauteur;1;nom
hautbois;1;nom
hausser;1;ver
hache;1;nom
habitable;1;adj
habile;1;adj
gérofle;1;nr
générosité;1;nom
généalogiste;1;nom
généalogique;1;adj
généalogie;1;nom
gémir;1;ver
guinée;1;nom
guinder;1;ver
guetter;1;ver
gré;1;nom
grec;1;nom
graver;1;ver
gravement;1;adv
grave;1;adj
gratification;1;nom
gras;1;adj
grange;1;nom
grandeur;1;nom
grand_père;1;nom
gracieux;1;adj
goutte;1;nom
gourmand;1;adj
gosier;1;nom
gondole;1;nom
gobelet;1;nom
globule;1;nom
glisser;1;ver
glissant;1;adj
germain;1;nom
genèse;1;nom
gentilhomme;1;nom
genre;1;nom
genevois;1;adj
gaète;1;nr
garrotter;1;ver
garni;1;adj
galérien;1;nom
galoper;1;ver
galiléenne;1;nr
galant;1;adj
gaiement;1;adv
fête;1;nom
fustiger;1;ver
fusil;1;nom
furieux;1;adj
furie;1;nom
fumier;1;nom
fumant;1;adj
fréron;1;nr
frustrer;1;ver
froidement;1;adv
froid;1;adj
friponné;1;nr
friponneries;1;nr
friponnerie;1;nom
fredonner;1;ver
franchir;1;ver
franc;1;nom
fracasser;1;ver
fracas;1;nom
foutre;1;ver
fourbe;1;nom
foudre;1;nom
fossoyeur;1;nom
forcer;1;ver
fondre;1;ver
fonction;1;nom
folie;1;nom
foire;1;nom
flèche;1;nom
flot;1;nom
flocon;1;nom
fleurir;1;ver
fleuri;1;adj
flanc;1;nom
fixement;1;adv
financier;1;adj
filou;1;nom
fil;1;nom
fifre;1;nom
fidélité;1;nom
fidèlement;1;adv
ficelle;1;nom
fiancé;1;nom
fermement;1;adv
façon;1;nom
favoriser;1;ver
favori;1;adj
fauteuil;1;nom
faute;1;nom
faune;1;nom
fatras;1;nom
fatiguer;1;ver
fardeau;1;nom
fantôme;1;nom
fantaisie;1;nom
fanatique;1;nom
famine;1;nom
faiseur;1;nom
faction;1;nom
facteur;1;nom
facile;1;adj
face;1;nom
fabriquer;1;ver
fable;1;nom
exécution;1;nom
exécuteur;1;nom
extravagance;1;nom
extorquer;1;ver
exquis;1;adj
expérimental;1;adj
exprimer;1;ver
expirants;1;nr
exorciser;1;ver
existence;1;nom
exil;1;nom
exemple;1;nom
exemplaire;1;adj
excéder;1;ver
excès;1;nom
excommuniées;1;nr
excommunier;1;ver
excessif;1;adj
excepter;1;ver
européen;1;nom
eum;1;nr
etc;1;adv
esturgeon;1;nom
estomac;1;nom
estimable;1;adj
estafier;1;nom
esponton;1;nr
espace;1;nom
escouade;1;nom
esclavage;1;nom
escarpé;1;adj
erzeroum;1;nr
envieux;1;adj
envier;1;ver
envaient;1;nr
entrecouper;1;ver
entracte;1;nom
entièrement;1;adv
entasser;1;ver
ensevelir;1;ver
enrégimentés;1;nr
enquérir;1;ver
ennuyeux;1;adj
enlaidir;1;ver
enivrer;1;ver
enhardir;1;ver
enflammer;1;ver
endosser;1;ver
enchaînement;1;nom
enceinte;1;adj
emprunter;1;ver
empressé;1;nom
emportement;1;nom
empoisonner;1;ver
emploi;1;nom
emplir;1;ver
empalé;1;adj
empaillé;1;adj
embarrassé;1;adj
embarquement;1;nom
embarassé;1;nr
el;1;nr
effroyable;1;adj
effrayer;1;ver
effaré;1;adj
effarouché;1;adj
dînée;1;nr
dévorant;1;adj
détrônai;1;nr
détromper;1;ver
détroit;1;nom
détresse;1;nom
détacher;1;ver
désolé;1;adj
désirer;1;ver
désert;1;nom
désennuyer;1;ver
désennuierait;1;nr
désarmé;1;adj
désagréable;1;adj
déroger;1;ver
dérober;1;ver
déranger;1;ver
député;1;nom
députer;1;ver
dépouillé;1;adj
dépouille;1;nom
dépenser;1;ver
dépens;1;nom
départ;1;nom
dénoncer;1;ver
démêler;1;ver
démon;1;nom
démolir;1;ver
démarrer;1;ver
délivrance;1;nom
délier;1;ver
délicat;1;adj
délai;1;nom
déguiser;1;ver
dégoût;1;nom
défrayerons;1;nr
défiler;1;ver
défier;1;ver
dédier;1;ver
dédain;1;nom
décorner;1;ver
déconcerter;1;ver
décombre;1;nom
décisif;1;adj
déchiré;1;adj
décembre;1;nom
débiter;1;ver
débauché;1;nom
débattre;1;ver
duvet;1;nom
dureté;1;nom
durer;1;ver
drôlesse;1;nom
drôle;1;adj
droiture;1;nom
draperie;1;nom
drap;1;nom
douzième;1;nom
douzaine;1;nom
doubler;1;ver
dos;1;nom
dortoir;1;nom
donnâtes;1;nr
domitien;1;nr
docile;1;adj
dixième;1;adj
dix_septième;1;adj
dix_neuvième;1;adj
dix_huitième;1;nom
divin;1;adj
distinctement;1;adv
distance;1;nom
disséqua;1;nr
dissiper;1;ver
dissertation;1;nom
dispute;1;nom
disposition;1;nom
disperser;1;ver
dispenser;1;ver
discuter;1;ver
discoureur;1;nom
discipline;1;nom
disciple;1;nom
dikdorff;1;nr
différemment;1;adv
difficulté;1;nom
didrie;1;nr
diamètre;1;nom
dialogue;1;nom
diaconat;1;nr
diabolique;1;adj
destin;1;nom
dessin;1;nom
descente;1;nom
denys;1;nr
denier;1;nom
demi_heure;1;nom
degré;1;nom
darius;1;nr
dardanelles;1;nr
dard;1;nom
danse;1;nom
danger;1;nom
célérité;1;nom
célébrer;1;ver
cuver;1;ver
curieusement;1;adv
cure;1;nom
cultivé;1;adj
cuistre;1;nom
crésus;1;nom
création;1;nom
créancier;1;nom
crâne;1;nom
cruellement;1;adv
crucifix;1;nom
cruauté;1;nom
croître;1;ver
croupe;1;nom
croiser;1;ver
crocheteur;1;nom
critiquer;1;ver
criminel;1;nom
cribler;1;ver
crapaud;1;nom
crainte;1;nom
cracher;1;ver
coïmbre;1;nr
cousin;1;nom
course;1;nom
couronne;1;nom
couleuvre;1;nom
cosmolo;1;nr
corse;1;adj
corrompre;1;ver
corrompaient;1;nr
correction;1;nom
correcteur;1;nom
cornu;1;adj
corner;1;ver
corneille;1;nom
corne;1;nom
corfou;1;nr
corbeau;1;nom
coquetterie;1;nom
convulsionnaire;1;nom
convertir;1;ver
convention;1;nom
convenable;1;adj
convalescence;1;nom
contrée;1;nom
controverse;1;nom
contraire;1;nom
contraignirent;1;nr
contradiction;1;nom
contour;1;nom
continent;1;nom
contenir;1;ver
contemporain;1;nom
conséquence;1;nom
consumer;1;ver
consterner;1;ver
consternation;1;nom
constant;1;adj
consolation;1;nom
consolateur;1;adj
considération;1;nom
conserver;1;ver
conservateur;1;adj
consentement;1;nom
conseiller;1;ver
confusion;1;nom
confus;1;adj
confrère;1;nom
confondre;1;ver
confirmer;1;ver
confins;1;nom
confiance;1;nom
confesseur;1;nom
confesser;1;ver
conduite;1;nom
conclusion;1;nom
concluriez;1;nr
concerto;1;nom
comédie;1;nom
comte;1;nom
comprendre;1;ver
compliment;1;nom
complaisance;1;nom
compatissant;1;adj
compas;1;nom
communément;1;adv
communiquer;1;ver
communicatif;1;adj
commodément;1;adv
commodité;1;nom
commentaire;1;nom
comique;1;adj
comble;1;nom
colérique;1;adj
colonne;1;nom
colonnade;1;nom
colonie;1;nom
colifichet;1;nom
coffrer;1;ver
cocotier;1;nom
coco;1;nom
cochenille;1;nom
clémence;1;nom
cluentius;1;nr
cloanthe;1;nr
climat;1;nom
clavicule;1;nom
clavelée;1;nr
clairement;1;adv
civilité;1;nom
civilement;1;adv
citron;1;nom
citoyen;1;nom
circonspect;1;adj
circoncire;1;ver
cinquantaine;1;nom
cimetière;1;nom
cimeterre;1;nom
cicéron;1;nr
chèrement;1;adv
châtré;1;adj
chypre;1;nom
christophe;1;nr
choquer;1;ver
choix;1;nom
choeur;1;nom
chiourme;1;nom
chinois;1;nom
chine;1;nom
chillas;1;nr
chaussée;1;nom
chausser;1;ver
chauffer;1;ver
chaud;1;adj
charrette;1;nom
charge;1;nom
chaponne;1;nr
chaos;1;nom
chanson;1;nom
changer;1;ver
chaloupe;1;nom
chair;1;nom
ceuta;1;nr
centaine;1;nom
cavalerie;1;nom
caton;1;nr
catastrophe;1;nom
cassette;1;nom
cassel;1;nr
carré;1;nom
carrousel;1;nom
carreau;1;nom
carnage;1;nom
caressiez;1;nr
caressant;1;adj
captivité;1;nom
captif;1;nom
capital;1;nom
canules;1;nr
cantique;1;nom
cannelle;1;nom
canard;1;nom
calomniateur;1;nom
calme;1;nom
cadence;1;nom
cadavre;1;nom
cabalent;1;nr
cabalante;1;nr
bête;1;adj
bénédictin;1;nom
bénit;1;adj
bâtir;1;ver
bât;1;nom
butin;1;nom
but;1;nom
bulgarien;1;nr
buisson;1;nom
buffa;1;nr
brûlant;1;adj
brun;1;adj
broussaille;1;nom
brouillé;1;adj
broder;1;ver
brochure;1;nom
brisé;1;adj
briser;1;ver
brinde;1;nom
brigandage;1;nom
bridé;1;adj
bride;1;nom
bravement;1;adv
boutique;1;nom
bourgogne;1;nom
bourgeois;1;adj
bourg;1;nom
bouleverser;1;ver
bouillonner;1;ver
bouillon;1;nom
bouillir;1;ver
boucherie;1;nom
borgne;1;adj
bonjour;1;nom
blessure;1;nom
blesser;1;ver
blanchissais;1;nr
bière;1;nom
bissac;1;nom
bile;1;nom
bijoux;1;nom
bien_aimé;1;adj
beau_frère;1;nom
baume;1;nom
bassesse;1;nom
basse_fosse;1;nom
basse_cour;1;nom
baronnie;1;nom
baronnettes;1;nr
barigel;1;nr
barbe;1;nom
baptiser;1;ver
banqueroutier;1;nom
banqueroute;1;nom
bandé;1;adj
bain;1;nom
bagage;1;nom
babylone;1;nr
baaza;1;nr
aîné;1;adj
avoine;1;nom
avocat;1;nom
avare;1;adj
avanie;1;nom
avance;1;nom
avacéna;1;nr
autel;1;nom
auguste;1;adj
augmenter;1;ver
audience;1;nom
au_dessous;1;adv
au_delà;1;adv
attrister;1;ver
attirer;1;ver
attentif;1;adj
attendrissement;1;nom
attendrir;1;ver
atteler;1;ver
atteindre;1;ver
atrébatie;1;nr
atrabilaires;1;nr
atocha;1;nr
atlas;1;nom
athalia;1;nr
astyage;1;nr
astre;1;nom
assouvir;1;ver
assomption;1;nom
assassiner;1;ver
assassin;1;nom
assaillir;1;ver
asile;1;nom
ascanius;1;nr
articulo;1;nr
arrondi;1;adj
armoire;1;nom
armer;1;ver
arithmétique;1;nom
arioviste;1;nr
aride;1;adj
ardeur;1;nom
ardent;1;adj
architecture;1;nom
arbitre;1;nom
arabie;1;nr
arabe;1;nom
appétit;1;nom
appétissant;1;adj
appuyer;1;ver
appui;1;nom
apprécier;1;ver
approuver;1;ver
approprier;1;ver
approbation;1;nom
apprivoiser;1;ver
apparent;1;adj
apothicaire;1;nom
apostrophe;1;nom
apaiser;1;ver
aod;1;nr
anémone;1;nom
antonins;1;nr
antoine;1;nr
antichambre;1;nom
annoncer;1;ver
annonce;1;nom
annibal;1;nr
angoisse;1;nom
andalousie;1;nr
ancre;1;nom
ananas;1;nom
amèrement;1;adv
amusant;1;adj
amsterdam;1;nr
ampoulé;1;adj
amplification;1;nom
amoureux;1;adj
amoureusement;1;adv
amitié;1;nom
ambitieux;1;adj
ambassadeur;1;nom
amata;1;nr
altier;1;adj
allégresse;1;nom
aliment;1;nom
alguazils;1;nr
alerte;1;nom
alarmer;1;ver
alarme;1;nom
aimable;1;adj
agrément;1;nom
agiter;1;ver
agilité;1;nom
agent;1;nom
agacer;1;ver
affronter;1;ver
affermir;1;ver
affecter;1;ver
affaiblir;1;ver
adverse;1;adj
adroit;1;adj
adorable;1;adj
admiration;1;nom
admirablement;1;adv
adjuger;1;ver
adam;1;nr
acquérir;1;ver
acquittèrent;1;nr
achates;1;nr
accumuler;1;ver
accroire;1;ver
accrocher;1;ver
accoucher;1;ver
accommodant;1;adj
abîme;1;nom
abuser;1;ver
absoudre;1;ver
absolution;1;nom
absalon;1;nr
abri;1;nom
abraham;1;nr
abomination;1;nom
abject;1;adj
abattre;1;ver
abare;1;nr
a_priori;1;adv