docteur;83;nom
homme;64;nom
paria;61;nom
vérité;54;nom
bramer;41;ver
voir;31;ver
venir;30;ver
trouver;30;ver
grand;29;adj
inde;28;nom
anglais;28;nom
femme;26;nom
répondre;25;ver
nuit;24;nom
indien;24;adj
dieu;24;nom
mettre;23;ver
chercher;23;ver
nature;22;nom
livre;22;nom
reprendre;19;ver
question;19;nom
jour;19;nom
prendre;18;ver
porte;18;nom
pied;18;nom
jagrenat;18;nr
coeur;18;nom
chef;18;nom
arbre;18;nom
pagode;16;nom
aller;16;ver
ville;14;nom
sortir;14;ver
société;14;nom
simple;14;adj
long;14;adj
donner;14;ver
présenter;13;ver
gens;13;nom
gange;13;nr
fois;13;nom
couvrir;13;ver
cabane;13;nom
terre;12;nom
jeter;12;ver
enfant;12;nom
demander;12;ver
arriver;12;ver
vivre;11;ver
savant;11;nom
royal;11;adj
rendre;11;ver
penser;11;ver
passer;11;ver
heureux;11;adj
feu;11;nom
entrer;11;ver
entendre;11;ver
caste;11;nom
temps;10;nom
source;10;nom
malheureux;10;adj
main;10;nom
brame;10;nom
bois;10;nom
approcher;10;ver
apprendre;10;ver
vieux;9;adj
rouge;9;adj
petit;9;adj
permettre;9;ver
pays;9;nom
parler;9;ver
pandects;9;nr
oeil;9;nom
natte;9;nom
nation;9;nom
monde;9;nom
jardin;9;nom
garder;9;ver
eau;9;nom
aussitôt;9;adv
apporter;9;ver
apercevoir;9;ver
tromper;8;ver
soleil;8;nom
réponse;8;nom
rester;8;ver
place;8;nom
palanquin;8;nom
moyen;8;nom
mot;8;nom
mer;8;nom
manger;8;ver
malheur;8;nom
lieu;8;nom
lever;8;ver
grand_prêtre;8;nom
fruit;8;nom
erreur;8;nom
consulter;8;ver
ciel;8;nom
chemin;8;nom
charger;8;ver
bonheur;8;nom
angleterre;8;nom
abord;8;nom
vie;7;nom
usage;7;nom
tombeau;7;nom
servir;7;ver
science;7;nom
route;7;nom
religion;7;nom
recevoir;7;ver
perdre;7;ver
part;7;nom
mère;7;nom
mort;7;nom
lumière;7;nom
londres;7;nr
infortuné;7;adj
fond;7;nom
fleur;7;nom
flambeau;7;nom
fameux;7;adj
doux;7;adj
connaître;7;ver
bord;7;nom
ajouter;7;ver
île;6;nom
état;6;nom
éclairer;6;ver
vache;6;nom
tour;6;nom
superstition;6;nom
sentir;6;ver
seigneur;6;nom
royaume;6;nom
repousser;6;ver
repartir;6;ver
rencontrer;6;ver
raison;6;nom
pénétrer;6;ver
préparer;6;ver
profond;6;adj
pluie;6;nom
pipe;6;nom
peine;6;nom
pavot;6;nom
paraître;6;ver
noir;6;adj
mourir;6;ver
monter;6;ver
loi;6;nom
larme;6;nom
intérêt;6;nom
introducteur;6;nom
intelligence;6;nom
hôte;6;nom
humain;6;adj
guerre;6;nom
former;6;ver
entourer;6;ver
doute;6;nom
coup;6;nom
communiquer;6;ver
chose;6;nom
brûler;6;ver
bras;6;nom
boire;6;ver
avenue;6;nom
élevé;5;adj
élever;5;ver
vrai;5;adj
voyager;5;ver
voix;5;nom
vaste;5;adj
vallon;5;nom
tête;5;nom
tomber;5;ver
tenir;5;ver
supposer;5;ver
suite;5;nom
souci;5;nom
seul;5;adj
résoudre;5;ver
rose;5;adj
retirer;5;ver
reposer;5;ver
président;5;nom
province;5;nom
propre;5;adj
porteur;5;nom
porter;5;ver
peuple;5;nom
perse;5;adj
pauvre;5;adj
parfum;5;nom
ouvrir;5;ver
orage;5;nom
nombre;5;nom
montrer;5;ver
misérable;5;adj
lier;5;ver
jouir;5;ver
joie;5;nom
honorer;5;ver
forteresse;5;nom
fleuve;5;nom
fin;5;nom
figuier;5;nom
feuillage;5;nom
esprit;5;nom
ennemi;5;nom
embouchure;5;nom
crainte;5;nom
cours;5;nom
courir;5;ver
considérer;5;ver
chien;5;nom
bâtir;5;ver
bruit;5;nom
blanc;5;adj
berceau;5;nom
bambou;5;nom
asseoir;5;ver
assemblée;5;nom
arcade;5;nom
appeler;5;ver
ancien;5;adj
aimer;5;ver
adorer;5;ver
abri;5;nom
étranger;4;adj
époux;4;nom
éloigner;4;ver
écrier;4;ver
voleur;4;nom
voisin;4;nom
voile;4;nom
valoir;4;ver
tronc;4;nom
travers;4;nom
tapis;4;nom
suffire;4;ver
solution;4;nom
solitude;4;nom
silence;4;nom
salon;4;nom
réflexion;4;nom
rue;4;nom
rocher;4;nom
rempart;4;nom
refuser;4;ver
recueillir;4;ver
recherche;4;nom
rayon;4;nom
rapporter;4;ver
quartier;4;nom
purifier;4;ver
présent;4;adj
préjugé;4;nom
premier;4;adj
pleurer;4;ver
pièce;4;nom
partir;4;ver
partie;4;nom
parole;4;nom
pandect;4;nr
palais;4;nom
oser;4;ver
orient;4;nom
oiseau;4;nom
obliger;4;ver
nu;4;adj
mêler;4;ver
mépriser;4;ver
méchant;4;adj
murmurer;4;ver
mogol;4;adj
marcher;4;ver
lune;4;nom
laver;4;ver
langue;4;nom
langage;4;nom
laisser;4;ver
juger;4;ver
joindre;4;ver
jaune;4;adj
hospitalité;4;nom
horizon;4;nom
honneur;4;nom
histoire;4;nom
haut;4;adj
gloire;4;nom
genre;4;nom
garde;4;nom
fuir;4;ver
forêt;4;nom
forcer;4;ver
fils;4;nom
feuille;4;nom
faible;4;adj
extrémité;4;nom
européen;4;adj
europe;4;nr
envoyer;4;ver
entrée;4;nom
ensuivre;4;ver
ensemble;4;adv
enlever;4;ver
empereur;4;nom
embarquer;4;ver
dispute;4;nom
différent;4;adj
côté;4;nom
coucher;4;ver
compagnie;4;nom
colonne;4;nom
collier;4;nom
clarté;4;nom
château;4;nom
canne;4;nom
campagne;4;nom
besoin;4;nom
beau;4;adj
aurore;4;nom
attendre;4;ver
assurer;4;ver
art;4;nom
argent;4;nom
annoncer;4;ver
animal;4;nom
ami;4;nom
admirer;4;ver
accepter;4;ver
ôter;3;ver
étoile;3;nom
étendre;3;ver
éléphant;3;nom
élément;3;nom
église;3;nom
échapper;3;ver
âme;3;nom
vénérable;3;adj
utile;3;adj
troupe;3;nom
tranquille;3;adj
tradition;3;nom
toucher;3;ver
touchant;3;adj
tirer;3;ver
tigre;3;nom
sûreté;3;nom
superbe;3;adj
sujet;3;nom
sucre;3;nom
sorte;3;nom
sommet;3;nom
solitaire;3;adj
soie;3;nom
siècle;3;nom
signe;3;nom
seulement;3;adv
sembler;3;ver
sandal;3;nr
saint;3;nom
sage;3;adj
répéter;3;ver
réfléchir;3;ver
roi;3;nom
rivage;3;nom
revenir;3;ver
ressembler;3;ver
repos;3;nom
reispoutes;3;nr
regarder;3;ver
raisonner;3;ver
quantité;3;nom
père;3;nom
punir;3;ver
près_de;3;adv
poil;3;nom
planter;3;ver
pistolet;3;nom
persécuter;3;ver
particulier;3;adj
parent;3;nom
parcourir;3;ver
palmier;3;nom
paix;3;nom
origine;3;nom
opinion;3;nom
omrahs;3;nr
ombre;3;nom
offrir;3;ver
occuper;3;ver
obscurité;3;nom
naître;3;ver
muséum;3;nom
mosquée;3;nom
moment;3;nom
mollah;3;nom
milieu;3;nom
maître;3;nom
manière;3;nom
maison;3;nom
jouissance;3;nom
intéresser;3;ver
instant;3;nom
inondation;3;nom
indou;3;adj
hâter;3;ver
humanité;3;nom
hui;3;nom
horreur;3;nom
heure;3;nom
haïr;3;ver
gemna;3;nr
fâcher;3;ver
fumer;3;ver
frapper;3;ver
frangui;3;nr
foulsapatte;3;nr
fouet;3;nom
foudre;3;nom
fossé;3;nom
exprimer;3;ver
exemple;3;nom
estrade;3;nom
espérer;3;ver
espèce;3;nom
esclave;3;nom
environner;3;ver
emporter;3;ver
dévorer;3;ver
désir;3;nom
dépendre;3;ver
déjeuner;3;nom
découvrir;3;ver
droite;3;nom
douleur;3;nom
distance;3;nom
disputer;3;ver
disciple;3;nom
difficulté;3;nom
devenir;3;ver
delhi;3;nr
danser;3;ver
crime;3;nom
crier;3;ver
craindre;3;ver
courrier;3;nom
coton;3;nom
corps;3;nom
corbeille;3;nom
contraire;3;nom
connaissance;3;nom
compatriote;3;nom
commun;3;nom
commencer;3;ver
coco;3;nom
chine;3;nom
chaîne;3;nom
champ;3;nom
chameau;3;nom
cendre;3;nom
cause;3;nom
bramine;3;nr
bibliothèque;3;nom
banian;3;nom
ballot;3;nom
baigner;3;ver
avancer;3;ver
aujourd;3;nr
attirer;3;ver
attacher;3;ver
arrêter;3;ver
arroser;3;ver
applaudissement;3;nom
amour;3;nom
ambre;3;nom
ambassadeur;3;nom
altérer;3;ver
allumer;3;ver
air;3;nom
académie;3;nom
abandonner;3;ver
événement;2;nom
étroit;2;adj
étendard;2;nom
épouvantable;2;adj
épargner;2;ver
épais;2;adj
éloge;2;nom
égypte;2;nr
égal;2;adj
écrire;2;ver
écraser;2;ver
éclaircir;2;ver
ébène;2;nom
végétal;2;nom
voyageur;2;nom
volupté;2;nom
volume;2;nom
voisinage;2;nom
vivant;2;adj
vil;2;adj
vertueux;2;adj
vert;2;adj
verser;2;ver
veiller;2;ver
veau;2;nom
variable;2;adj
vaient;2;nr
université;2;nom
témoigner;2;ver
tâcher;2;ver
tyran;2;nom
tulipe;2;nom
tuer;2;ver
troisième;2;adj
transmettre;2;ver
tourbillon;2;nom
tonnerre;2;nom
toile;2;nom
thibet;2;nr
terrible;2;adj
terreur;2;nom
tempête;2;nom
temple;2;nom
tantôt;2;adv
séduire;2;ver
symbole;2;nom
supérieur;2;adj
supporter;2;ver
statue;2;nom
spectacle;2;nom
souverain;2;nom
souscripteur;2;nom
soupirer;2;ver
soulier;2;nom
souiller;2;ver
sonner;2;ver
sommeil;2;nom
situer;2;ver
sincère;2;adj
silencieux;2;adj
serpenter;2;ver
sensible;2;adj
secours;2;nom
santon;2;nom
sang_froid;2;nom
salle;2;nom
répandre;2;ver
régner;2;ver
réfugier;2;ver
récompense;2;nom
rompre;2;ver
rome;2;nr
riz;2;nom
rivière;2;nom
revêtir;2;ver
retrouver;2;ver
retour;2;nom
retentir;2;ver
renverser;2;ver
rentrer;2;ver
renfermé;2;adj
remplir;2;ver
remonter;2;ver
remettre;2;ver
religieux;2;adj
regard;2;nom
redouter;2;ver
reconnaître;2;ver
rassurer;2;ver
rare;2;adj
rapprocher;2;ver
rajah;2;nom
quoiqu;2;nr
queue;2;nom
pêle_mêle;2;adv
périodique;2;adj
pur;2;adj
puissance;2;nom
prêtre;2;nom
prêcher;2;ver
prévenir;2;ver
provision;2;nom
providence;2;nom
prosterner;2;ver
proposé;2;adj
proposer;2;ver
propos;2;nom
prodigieux;2;adj
procurer;2;ver
principe;2;nom
principal;2;adj
prier;2;ver
poussière;2;nom
pousser;2;ver
portée;2;nom
polir;2;ver
pois;2;nom
plaisir;2;nom
plaindre;2;ver
piété;2;nom
pion;2;nom
persan;2;adj
perplexité;2;nom
perle;2;nom
pensée;2;nom
peau;2;nom
pauvreté;2;nom
parvenir;2;ver
pari;2;nom
panier;2;nom
ouragan;2;nom
océan;2;nom
occident;2;nom
objet;2;nom
nécessaire;2;adj
nuage;2;nom
noyer;2;ver
nouveau;2;adj
nil;2;nom
nid;2;nom
mériter;2;ver
musique;2;nom
mur;2;nom
multitude;2;nom
mougris;2;nr
monument;2;nom
montagne;2;nom
mont;2;nom
mois;2;nom
ministre;2;nom
minaret;2;nom
mendiant;2;nom
mauvais;2;adj
maudit;2;adj
matin;2;nom
masalchi;2;nr
marque;2;nom
marbre;2;nom
manuscrit;2;nom
manguier;2;nom
lueur;2;nom
livrer;2;ver
lit;2;nom
lire;2;ver
lien;2;nom
liane;2;nom
lettre;2;nom
large;2;adj
lampe;2;nom
lahor;2;nr
korahs;2;nr
jus;2;nom
joguis;2;nr
jeune;2;adj
jambe;2;nom
italie;2;nr
inébranlable;2;adj
inviter;2;ver
intérieur;2;nom
interroger;2;ver
interdire;2;ver
instruire;2;ver
instruction;2;nom
innocence;2;nom
injuste;2;adj
infâme;2;adj
infamie;2;nom
impossible;2;adj
immobilité;2;nom
illustre;2;adj
ignorant;2;adj
horrible;2;adj
historique;2;adj
hautement;2;adv
hanscrit;2;nr
haleine;2;nom
habitant;2;nom
général;2;nom
gémissement;2;nom
gémir;2;ver
gris;2;adj
grec;2;adj
gouverneur;2;nom
goutte;2;nom
globe;2;nom
gauche;2;nom
gargoulette;2;nom
galerie;2;nom
gagner;2;ver
féroce;2;adj
fumée;2;nom
fréquenter;2;ver
frère;2;nom
fortune;2;nom
fonder;2;ver
foi;2;nom
flanquer;2;ver
faute;2;nom
faubourg;2;nom
faquirs;2;nr
famille;2;nom
expression;2;nom
exposer;2;ver
exister;2;ver
estimer;2;ver
espérance;2;nom
escadron;2;nom
envelopper;2;ver
entreprendre;2;ver
entraîner;2;ver
enhardir;2;ver
endormir;2;ver
encens;2;nom
empêcher;2;ver
employé;2;nom
empire;2;nom
effet;2;nom
dôme;2;nom
détruire;2;ver
déposer;2;ver
débris;2;nom
droit;2;nom
diverger;2;ver
disparaître;2;ver
diriger;2;ver
directeur;2;nom
digne;2;adj
difficile;2;adj
destin;2;nom
desirais;2;nr
descendre;2;ver
demeure;2;nom
célèbre;2;adj
cuit;2;adj
cuir;2;nom
croiser;2;ver
crocodile;2;nom
cri;2;nom
couleur;2;nom
couchant;2;adj
cordon;2;nom
copie;2;nom
convenir;2;ver
consolation;2;nom
conserver;2;ver
conscience;2;nom
conférer;2;ver
confrère;2;nom
condamner;2;ver
composer;2;ver
compassion;2;nom
commerce;2;nom
combler;2;ver
collection;2;nom
coin;2;nom
cocotier;2;nom
clair;2;adj
civil;2;adj
cimetière;2;nom
chèvre;2;nom
chittes;2;nr
chat;2;nom
chasser;2;ver
charmant;2;adj
chapeau;2;nom
chanter;2;ver
chant;2;nom
changer;2;ver
chagrin;2;nom
cesser;2;ver
cesse;2;nom
centre;2;nom
casser;2;ver
caravane;2;nom
cacher;2;ver
bûcher;2;nom
bétel;2;nom
bénarès;2;nr
bâtiment;2;nom
briser;2;ver
branche;2;nom
bouton;2;nom
bonté;2;nom
bientôt;2;adv
bengale;2;nr
beauté;2;nom
bayadère;2;nom
banane;2;nom
aïeul;2;nom
auprès_de;2;nr
arme;2;nom
argumenter;2;ver
arabie;2;nr
arabe;2;nom
appuyer;2;ver
appartement;2;nom
antiquité;2;nom
anthropophage;2;adj
année;2;nom
angole;2;nr
amener;2;ver
ambitieux;2;adj
alternativement;2;adv
aloès;2;nom
aide;2;nom
agité;2;adj
agir;2;ver
affection;2;nom
admiration;2;nom
accorder;2;ver
accompagner;2;ver
accabler;2;ver
abattre;2;ver
évêque;1;nom
évidence;1;nom
éventail;1;nom
évasion;1;nom
étrangler;1;ver
étonnement;1;nom
étoffe;1;nom
étinceler;1;ver
étincelant;1;adj
éternel;1;adj
établir;1;ver
équipage;1;nom
épuiser;1;ver
éprouver;1;ver
épouser;1;ver
époque;1;nom
épine;1;nom
épaule;1;nom
électricité;1;nom
élancer;1;ver
égarer;1;ver
également;1;adv
édition;1;nom
édifice;1;nom
écume;1;nom
écouler;1;ver
écorce;1;nom
éclat;1;nom
éclaircissement;1;nom
éclair;1;nom
écharpe;1;nom
échange;1;nom
ébranler;1;ver
à_coup;1;nom
war;1;nr
véritablement;1;adv
vulgaire;1;adj
voyage;1;nom
vouspas;1;nr
voltiger;1;ver
volonté;1;nom
voeu;1;nom
vivement;1;adv
visiter;1;ver
visage;1;nom
violer;1;ver
vin;1;nom
vigoureux;1;adj
vif;1;adj
vide;1;adj
victime;1;nom
veuf;1;nom
vertu;1;nom
versant;1;nom
verni;1;adj
verdure;1;nom
verbiests;1;nr
vent;1;nom
venise;1;nom
venger;1;ver
veille;1;nom
vatican;1;nr
vase;1;nom
varié;1;adj
varier;1;ver
vain;1;adj
urine;1;nom
universalité;1;nom
ténèbres;1;nom
télescope;1;nom
tâche;1;nom
typhon;1;nom
tympanon;1;nom
tuyau;1;nom
turquie;1;nr
turc;1;adj
tumulte;1;nom
trésor;1;nom
troye;1;nr
troubler;1;ver
tribu;1;nom
tressaillir;1;ver
tremper;1;ver
trembler;1;ver
tremblant;1;adj
treillis;1;nom
traverser;1;ver
travail;1;nom
transparent;1;adj
tranquilliser;1;ver
trahison;1;nom
tragique;1;adj
traduction;1;nom
traducteur;1;nom
toutel;1;nr
tout_puissant;1;adj
tourmenter;1;ver
tourelle;1;nom
torrent;1;nom
torche;1;nom
topaze;1;nom
toit;1;nom
timbale;1;nom
théologie;1;nom
tertre;1;nom
terrasse;1;nom
terminer;1;ver
terme;1;nom
tente;1;nom
tendresse;1;nom
tendre;1;ver
tendelets;1;nr
telescope;1;nr
teinte;1;nom
teint;1;nom
teindre;1;ver
tecques;1;nr
taxer;1;ver
tasse;1;nom
tambour;1;nom
talon;1;nom
taire;1;ver
tailleur;1;nom
taffetas;1;nom
tableau;1;nom
sûr;1;adj
sérail;1;nom
séparer;1;ver
séjour;1;nom
sécher;1;ver
synode;1;nom
synagogue;1;nom
suspendre;1;ver
suspect;1;adj
survivre;1;ver
survenir;1;ver
surpasser;1;ver
surlendemain;1;nom
surintendants;1;nr
surces;1;nr
superstitieux;1;adj
suffisamment;1;adv
successivement;1;adv
subsister;1;ver
subsistance;1;nom
submerger;1;ver
stérile;1;adj
stuc;1;nom
souvenir;1;ver
soutenir;1;ver
souris;1;nom
soupirant;1;nom
souper;1;nom
soulé;1;nr
souhaiter;1;ver
sottise;1;nom
sortie;1;nom
sorbon;1;nom
sorbet;1;nom
sophie;1;nom
solliciter;1;ver
solide;1;adj
soldat;1;nom
soir;1;nom
soin;1;nom
soeur;1;nom
sincèrement;1;adv
siam;1;nom
sesmanuscrits;1;nr
serviteur;1;nom
servirà;1;nr
sermon;1;nom
serail;1;nr
septième;1;adj
sentiment;1;nom
sensa;1;nr
semi;1;nom
semence;1;nom
sein;1;nom
seidres;1;nr
secte;1;nom
secret;1;adj
sec;1;adj
scheics;1;nr
sauver;1;ver
sauvage;1;adj
sauter;1;ver
sang;1;nom
sana;1;nom
salsette;1;nr
salamanque;1;nr
salam;1;nom
saisir;1;ver
sainteté;1;nom
saient;1;nr
sacré;1;adj
sacrifice;1;nom
sac;1;nom
sabre;1;nom
sable;1;nom
révérer;1;ver
révolution;1;nom
réveiller;1;ver
réussir;1;ver
réunir;1;ver
résister;1;ver
réserver;1;ver
réputer;1;ver
réputation;1;nom
répugnance;1;nom
régler;1;ver
rédiger;1;ver
récit;1;nom
rébellion;1;nom
règle;1;nom
ruine;1;nom
rugissement;1;nom
rude;1;adj
rubis;1;nom
roulement;1;nom
roue;1;nom
rotins;1;nr
rotin;1;nom
rosée;1;nom
rosternés;1;nr
roseau;1;nom
romain;1;adj
rizière;1;nom
richesse;1;nom
riche;1;adj
retourner;1;ver
retenir;1;ver
ressortir;1;ver
ressemais;1;nr
respirer;1;ver
respect;1;nom
reprocher;1;ver
repas;1;nom
renoncer;1;ver
remuer;1;ver
rempli;1;adj
remontant;1;nom
remercier;1;ver
relier;1;ver
relever;1;ver
relais;1;nom
rejeter;1;ver
reispoute;1;nr
refléter;1;ver
refluer;1;ver
redoubler;1;ver
reculer;1;ver
reconnaissant;1;adj
reconnaissance;1;nom
recommandation;1;nom
rebelle;1;nom
ravir;1;ver
rapport;1;nom
rappeler;1;ver
ranger;1;ver
rampant;1;adj
ramener;1;ver
rafraîchir;1;ver
raconter;1;ver
racine;1;nom
rabbin;1;nom
quitter;1;ver
questionner;1;ver
qualité;1;nom
pénitent;1;nom
pyramide;1;nom
punition;1;nom
punch;1;nom
puiser;1;ver
publiquement;1;adv
publier;1;ver
préserver;1;ver
présence;1;nom
préférer;1;ver
précédent;1;adj
précipice;1;nom
préalable;1;adj
proverbe;1;nom
prouver;1;ver
protéger;1;ver
protestant;1;nom
prostituaient;1;nr
propriété;1;nom
proposition;1;nom
prononcer;1;ver
promettre;1;ver
promener;1;ver
progrès;1;nom
produire;1;ver
problématique;1;adj
prière;1;nom
prix;1;nom
privation;1;nom
prison;1;nom
prince;1;nom
prescrire;1;ver
prairie;1;nom
poète;1;nom
poursuivre;1;ver
pourcalcutta;1;nr
poteau;1;nom
pot;1;nom
possible;1;adj
portion;1;nom
portefaix;1;nom
porte_étendard;1;nom
port;1;nom
porc;1;nom
pomme;1;nom
politesse;1;nom
poivrier;1;nom
poitrine;1;nom
poignée;1;nom
poids;1;nom
plonger;1;ver
plante;1;nom
planer;1;ver
plancher;1;nom
plaire;1;ver
plaine;1;nom
pitié;1;nom
piquer;1;ver
pieux;1;adj
physique;1;adj
physionomie;1;nom
peur;1;nom
petit_enfant;1;nom
pesant;1;adj
perçant;1;adj
perte;1;nom
persuader;1;ver
perroquet;1;nom
perfide;1;adj
paysage;1;nom
pavillon;1;nom
patrouille;1;nom
patrie;1;nom
patience;1;nom
patate;1;nom
passionnément;1;adv
passion;1;nom
passage;1;nom
participer;1;ver
parsi;1;nom
parfumer;1;ver
parfait;1;adj
parer;1;ver
pareillement;1;adv
pareil;1;adj
paquet;1;nom
papas;1;nom
paon;1;nom
pamphlet;1;nom
ouïr;1;ver
oublier;1;ver
orée;1;nom
orixa;1;nr
original;1;nom
oriental;1;adj
orgueil;1;nom
oreille;1;nom
ordre;1;nom
ordonner;1;ver
oranger;1;nom
orageux;1;adj
oracle;1;nom
opprobre;1;nom
opposer;1;ver
onzième;1;adj
ondoyant;1;adj
ombrelle;1;nom
ombrage;1;nom
oiseau_mouche;1;nom
offrande;1;nom
officier;1;nom
odieux;1;adj
occasion;1;nom
obéissance;1;nom
obéir;1;ver
obscurcir;1;ver
objection;1;nom
négociant;1;nom
négatif;1;adj
nécessité;1;nom
nécessairement;1;adv
nègre;1;nom
nuée;1;nom
nu_tête;1;adj
nouvelle;1;adj
notifier;1;ver
nord;1;nom
nommer;1;ver
nombreux;1;adj
nom;1;nom
nocturne;1;adj
nicher;1;ver
naïre;1;nr
navigation;1;nom
naturel;1;adj
nabab;1;nom
mépriserez;1;nr
mépris;1;nom
mutuellement;1;adv
multiplier;1;ver
mugissement;1;nom
mouvement;1;nom
mouche;1;nom
morfondus;1;nr
moral;1;adj
monstrueux;1;adj
molhas;1;nr
moitié;1;nom
moine;1;nom
mogoll;1;nr
mode;1;nom
mission;1;nom
mirer;1;ver
millier;1;nom
mener;1;ver
menace;1;nom
membre;1;nom
meilleur;1;adj
matière;1;nom
maronite;1;nom
mari;1;nom
marché;1;nom
marche;1;nom
marchandise;1;nom
marchand;1;nom
marc;1;nom
manquer;1;ver
mangue;1;nom
mangoustans;1;nr
malfaisant;1;adj
maissi;1;nr
mahomet;1;nr
magnificence;1;nom
lutte;1;nom
luthérien;1;adj
lugubre;1;adj
louange;1;nom
lord;1;nom
longueur;1;nom
loger;1;ver
logement;1;nom
litchis;1;nr
liste;1;nom
liberté;1;nom
liban;1;nr
letrouva;1;nr
lavoir;1;nom
laurier;1;nom
lataniers;1;nr
lait;1;nom
laine;1;nom
labyrinthe;1;nom
laborieux;1;adj
kuber;1;nr
karnas;1;nr
kandahar;1;nr
justice;1;nom
juif;1;nom
journaliste;1;nom
jouer;1;ver
jele;1;nr
jasmin;1;nom
jagernat;1;nr
jacquiers;1;nr
issue;1;nom
ispahan;1;nr
inutile;1;adj
introduire;1;ver
intolérable;1;adj
interlocuteur;1;nom
inséparable;1;adj
instrument;1;nom
instruit;1;adj
inspirer;1;ver
insensé;1;adj
inquisition;1;nom
inonder;1;ver
innocent;1;adj
injustice;1;nom
inintelligible;1;adj
inhumain;1;adj
infinité;1;nom
infiniment;1;adv
infidèle;1;adj
industrie;1;nom
inconnu;1;nom
incliner;1;ver
incendie;1;nom
incendiaire;1;nom
incarnation;1;nom
inaccessible;1;adj
impérial;1;adj
impénétrable;1;adj
impur;1;adj
imprimeur;1;nom
impraticable;1;adj
importer;1;ver
implacable;1;adj
immense;1;adj
imaginer;1;ver
ignorer;1;ver
igname;1;nom
idée;1;nom
idole;1;nom
hôtellerie;1;nom
hôpital;1;nom
hérodote;1;nr
hérisser;1;ver
hébreux;1;nom
hébreu;1;nom
hâte;1;nom
hutte;1;nom
humiliation;1;nom
humide;1;adj
humble;1;adj
hospitalier;1;adj
horloger;1;nom
hommage;1;nom
hollande;1;nom
heureusement;1;adv
herbe;1;nom
hauteur;1;nom
hautbois;1;nom
hasard;1;nom
haie;1;nom
habiter;1;ver
habitation;1;nom
habit;1;nom
habillements;1;nr
guirlande;1;nom
groupe;1;nom
grosseur;1;nom
gros;1;adj
grimper;1;ver
grillé;1;adj
grave;1;adj
grandeur;1;nom
graham;1;nr
gouvernement;1;nom
golfe;1;nom
golconde;1;nr
gland;1;nom
george;1;nr
genou;1;nom
garnir;1;ver
gardien;1;nom
fête;1;nom
féliciter;1;ver
fureur;1;nom
funéraire;1;adj
frotter;1;ver
frontière;1;nom
front;1;nom
frangipanier;1;nr
france;1;nr
frais;1;adj
foyer;1;nom
fourneau;1;nom
foule;1;nom
fouiller;1;ver
forme;1;nom
formalité;1;nom
folie;1;nom
fléau;1;nom
flue;1;nr
flot;1;nom
florence;1;nom
fleursde;1;nr
flanc;1;nom
fixer;1;ver
firmament;1;nom
fille;1;nom
filiale;1;nom
filer;1;ver
fier;1;adj
fidèle;1;adj
feuillée;1;nom
feuilleter;1;ver
festin;1;nom
fermé;1;adj
fermer;1;ver
fendre;1;ver
fendeur;1;nom
feindre;1;ver
faîte;1;nom
favoriser;1;ver
faveur;1;nom
faux;1;adj
faquir;1;nr
fantôme;1;nom
fanatique;1;nom
faim;1;nom
factoreries;1;nr
facilitèrent;1;nr
face;1;nom
extrait;1;nom
existence;1;nom
exercer;1;ver
exemplaire;1;nom
excuser;1;ver
exciter;1;ver
examiner;1;ver
eunuque;1;nom
etdes;1;nr
essuyer;1;ver
espagne;1;nr
escorter;1;ver
envieux;1;adj
entrevoir;1;ver
entretuer;1;ver
entremêler;1;ver
entrelaçant;1;nr
entrelacer;1;ver
ennui;1;nom
engouffrer;1;ver
engager;1;ver
enfoncer;1;ver
enfance;1;nom
endosser;1;ver
encyclopédique;1;adj
enchanté;1;adj
enchanter;1;ver
emprunter;1;ver
empoisonner;1;ver
emparer;1;ver
embrasser;1;ver
embaumer;1;ver
eléphanta;1;nr
effrayer;1;ver
effendi;1;nom
dévoiler;1;ver
développer;1;ver
détourner;1;ver
dételer;1;ver
détachement;1;nom
désoler;1;ver
désirable;1;adj
désespérant;1;adj
désespoir;1;nom
déranger;1;ver
dépôt;1;nom
dépouille;1;nom
dépeupler;1;ver
démêler;1;ver
déménager;1;ver
déluge;1;nom
délicieux;1;adj
délice;1;nom
déja;1;nr
défrayée;1;nr
défense;1;nom
défendre;1;ver
défaut;1;nom
dédaigner;1;ver
décoré;1;adj
décan;1;nom
débuterait;1;nr
déborder;1;ver
débiter;1;ver
débattre;1;ver
dussé;1;nr
durée;1;nom
durions;1;nr
dromadaire;1;nom
dresser;1;ver
douter;1;ver
dos;1;nom
dormir;1;ver
dorer;1;ver
dordrecht;1;nr
don;1;nom
dominer;1;ver
domaine;1;nom
dogme;1;nom
diviser;1;ver
distingué;1;adj
distinctement;1;adv
distinct;1;adj
disperser;1;ver
discours;1;nom
discorde;1;nom
dirigeant;1;nom
dignité;1;nom
différer;1;ver
différence;1;nom
différemment;1;adv
diatribe;1;nom
dessécher;1;ver
desservir;1;ver
deson;1;nr
desirât;1;nr
desirerais;1;nr
descendant;1;nom
dernier;1;adj
dent;1;nom
degré;1;nom
dedieu;1;nr
dar;1;nr
dangereux;1;adj
côtoyer;1;ver
côtoyai;1;nr
côte;1;nom
cérémonie;1;nom
célébrer;1;ver
céleste;1;adj
céder;1;ver
curieux;1;adj
cultivateur;1;nom
culte;1;nom
cuivre;1;nom
cuisinier;1;nom
cuisine;1;nom
crêpe;1;nom
crédule;1;adj
crédit;1;nom
création;1;nom
crème;1;nom
crusca;1;nr
cruel;1;adj
croître;1;ver
croisé;1;adj
critique;1;nom
cramoisi;1;adj
courtisan;1;nom
course;1;nom
coureur;1;nom
courbât;1;nr
coupable;1;adj
coulis;1;nom
corroyés;1;nr
corrompu;1;adj
corrompre;1;ver
corne;1;nom
cordonnier;1;nom
corail;1;nom
copiste;1;nom
cophtes;1;nr
conversation;1;nom
converger;1;ver
convenable;1;adj
convaincre;1;ver
contrée;1;nom
contribution;1;nom
contribuer;1;ver
contredire;1;ver
contradictoire;1;adj
contradiction;1;nom
content;1;adj
contenir;1;ver
contempler;1;ver
conséquent;1;adj
conséquence;1;nom
consul;1;nom
constitué;1;adj
constantinople;1;nr
consoler;1;ver
considérable;1;adj
conservassiez;1;nr
conjugal;1;adj
congé;1;nom
congrégation;1;nom
confus;1;adj
confondre;1;ver
confiance;1;nom
conduite;1;nom
conduire;1;ver
conducteur;1;nom
concours;1;nom
conclure;1;ver
concert;1;nom
comptoir;1;nom
compte;1;nom
compromettre;1;ver
comprendre;1;ver
compliment;1;nom
complice;1;nom
comparaison;1;nom
compagnon;1;nom
communion;1;nom
commission;1;nom
commettre;1;ver
commentateur;1;nom
commandant;1;nom
comestible;1;adj
combattre;1;ver
colère;1;nom
colloque;1;nom
colline;1;nom
colibri;1;nom
cofondaient;1;nr
code;1;nom
climat;1;nom
clef;1;nom
citron;1;nom
cipaye;1;nom
cime;1;nom
chrétien;1;nom
cheval;1;nom
cher;1;adj
charretier;1;nom
chariot;1;nom
charbon;1;nom
char;1;nom
chaos;1;nom
chanson;1;nom
chandernagor;1;nr
chair;1;nom
ceylan;1;nr
ceinture;1;nom
caverne;1;nom
cavalerie;1;nom
catholique;1;nom
casys;1;nr
castor;1;nom
cassolette;1;nom
carmel;1;nom
cargaison;1;nom
caravenserails;1;nr
captiver;1;ver
capitaine;1;nom
capable;1;adj
canton;1;nom
camphre;1;nom
calme;1;nom
calebasse;1;nom
calcutta;1;nr
cadavre;1;nom
cachemire;1;nom
bête;1;nom
bézoards;1;nr
bénédiction;1;nom
bénir;1;ver
bâton;1;nom
brûlant;1;adj
brouiller;1;ver
bronze;1;nom
britannique;1;adj
brillant;1;adj
bride;1;nom
bretagne;1;nr
bouze;1;nr
boutique;1;nom
bout;1;nom
boulingrin;1;nr
border;1;ver
bonjour;1;nom
bombay;1;nr
blanchissant;1;adj
bible;1;nom
beths;1;nr
bergamottes;1;nr
bercer;1;ver
bengali;1;nom
bember;1;nr
bel;1;adj
bazar;1;nom
bassin;1;nom
basque;1;adj
base;1;nom
bas;1;adj
barque;1;nom
barbe;1;nom
barbare;1;nom
banquier;1;nom
bandoulière;1;nom
banderole;1;nom
bananier;1;nom
balustrade;1;nom
balancer;1;ver
baisser;1;ver
baiser;1;ver
bagage;1;nom
badamier;1;nom
avis;1;nom
avilir;1;ver
avarice;1;nom
avare;1;adj
ava;1;nr
autrement;1;adv
autorité;1;nom
auteur;1;nom
aufond;1;nr
au_devant;1;adv
atteindre;1;ver
athènes;1;nr
astre;1;nom
aspect;1;nom
asile;1;nom
asie;1;nr
artillerie;1;nom
arrivée;1;nom
arménien;1;adj
armer;1;ver
argenté;1;adj
arecs;1;nr
arec;1;nom
arbrisseau;1;nom
arack;1;nr
approuver;1;ver
approbation;1;nom
appliquer;1;ver
apaiser;1;ver
antique;1;adj
annuel;1;adj
annotation;1;nom
angora;1;nom
ancre;1;nom
amuser;1;ver
amsterdam;1;nr
ambition;1;nom
amant;1;nom
alternatif;1;adj
alliance;1;nom
allaiter;1;ver
aliment;1;nom
alarme;1;nom
aique;1;nr
aigle;1;nom
aider;1;ver
agréable;1;adj
agriculture;1;nom
agra;1;nr
agiter;1;ver
affreux;1;adj
adresser;1;ver
adresse;1;nom
adoration;1;nom
admirablement;1;adv
actuel;1;adj
achever;1;ver
acheter;1;ver
accusé;1;nom
accroissements;1;nr
accrocher;1;ver
accourir;1;ver
accommoder;1;ver
acclamation;1;nom
académique;1;adj
académicien;1;nom
abîme;1;nom
abuser;1;ver
abstenir;1;ver
abréger;1;ver
aborder;1;ver